Round,Timestamp,Depth,CA_Count,ROA_Count,BB_Count,Line_Cov_Percent
12,2026-02-04T17:48:16.914665,68,1,100,40718,N/A
15,2026-02-04T17:48:23.472674,77,1,100,40742,N/A
11,2026-02-04T17:48:30.156600,6,7,100,40830,N/A
4,2026-02-04T17:48:37.344814,69,9,100,40864,N/A
6,2026-02-04T17:48:44.663582,15,16,100,41017,N/A
19,2026-02-04T17:48:51.776086,71,14,100,40987,N/A
3,2026-02-04T17:48:59.018207,1,19,100,40903,N/A
13,2026-02-04T17:49:05.317719,19,32,100,41314,N/A
10,2026-02-04T17:49:12.285233,63,38,100,41435,N/A
20,2026-02-04T17:49:19.250747,30,50,100,41760,N/A
16,2026-02-04T17:49:26.627694,63,59,100,41908,N/A
7,2026-02-04T17:49:33.905612,55,56,100,41918,N/A
1,2026-02-04T17:49:41.196903,94,66,100,42020,N/A
5,2026-02-04T17:49:48.584457,44,60,100,41936,N/A
17,2026-02-04T17:49:55.911127,16,71,100,41947,N/A
23,2026-02-04T17:50:03.443557,26,15,100,40936,N/A
8,2026-02-04T17:50:10.231912,93,75,100,42067,N/A
18,2026-02-04T17:50:17.694555,6,88,100,41917,N/A
21,2026-02-04T17:50:25.058238,76,32,100,41346,N/A
2,2026-02-04T17:50:32.070982,66,72,100,42042,N/A
24,2026-02-04T17:50:39.698092,67,22,100,41122,N/A
14,2026-02-04T17:50:46.413200,44,97,100,42090,N/A
9,2026-02-04T17:50:54.307880,31,99,100,42093,N/A
28,2026-02-04T17:51:02.181642,53,31,100,41357,N/A
26,2026-02-04T17:51:09.095649,57,58,100,41943,N/A
27,2026-02-04T17:51:16.341728,6,63,100,41809,N/A
38,2026-02-04T17:51:23.688775,26,4,100,40752,N/A
29,2026-02-04T17:51:30.066512,18,48,100,41395,N/A
37,2026-02-04T17:51:37.305971,7,2,100,40753,N/A
32,2026-02-04T17:51:43.468519,8,26,100,41135,N/A
25,2026-02-04T17:51:50.155252,61,82,100,42146,N/A
30,2026-02-04T17:51:57.750237,40,44,100,41438,N/A
43,2026-02-04T17:52:04.837570,64,2,100,40755,N/A
42,2026-02-04T17:52:11.179349,26,3,100,40739,N/A
22,2026-02-04T17:52:17.329531,42,95,100,42147,N/A
41,2026-02-04T17:52:25.019504,91,28,100,41277,N/A
33,2026-02-04T17:52:31.846069,71,48,100,41529,N/A
31,2026-02-04T17:52:38.943212,52,64,100,42019,N/A
35,2026-02-04T17:52:46.182578,59,47,100,41500,N/A
36,2026-02-04T17:52:53.209509,25,61,100,41935,N/A
44,2026-02-04T17:53:00.638838,76,20,100,41082,N/A
34,2026-02-04T17:53:07.370539,99,73,100,42071,N/A
39,2026-02-04T17:53:14.914572,34,73,100,42069,N/A
54,2026-02-04T17:53:22.512181,39,7,100,40824,N/A
47,2026-02-04T17:53:29.150518,3,36,100,41247,N/A
40,2026-02-04T17:53:35.711557,26,96,100,42065,N/A
49,2026-02-04T17:53:43.348500,42,49,100,41645,N/A
53,2026-02-04T17:53:50.542568,52,65,100,42016,N/A
48,2026-02-04T17:53:58.176803,83,81,100,42113,N/A
45,2026-02-04T17:54:05.856336,74,95,100,42122,N/A
46,2026-02-04T17:54:13.654553,46,97,100,42111,N/A
50,2026-02-04T17:54:21.250146,85,93,100,42133,N/A
63,2026-02-04T17:54:29.173306,57,32,100,41333,N/A
51,2026-02-04T17:54:36.040633,55,98,100,42125,N/A
55,2026-02-04T17:54:43.712565,33,83,100,42072,N/A
57,2026-02-04T17:54:51.304576,72,71,100,42037,N/A
61,2026-02-04T17:54:58.716805,39,61,100,41982,N/A
52,2026-02-04T17:55:06.056747,98,95,100,42137,N/A
64,2026-02-04T17:55:13.805630,88,37,100,41406,N/A
62,2026-02-04T17:55:20.733545,88,64,100,42026,N/A
56,2026-02-04T17:55:28.116047,38,82,100,42113,N/A
59,2026-02-04T17:55:35.773553,97,76,100,42076,N/A
58,2026-02-04T17:55:43.504843,55,92,100,42109,N/A
60,2026-02-04T17:55:51.125852,26,95,100,42071,N/A
65,2026-02-04T17:55:58.718515,48,51,100,41794,N/A
66,2026-02-04T17:56:05.797720,6,42,100,41287,N/A
67,2026-02-04T17:56:12.577947,4,80,100,41877,N/A
68,2026-02-04T17:56:19.839850,28,87,100,42043,N/A
69,2026-02-04T17:56:27.494842,79,48,100,41513,N/A
70,2026-02-04T17:56:34.723998,99,23,100,41101,N/A
71,2026-02-04T17:56:41.534731,96,46,100,41445,N/A
72,2026-02-04T17:56:48.787556,12,36,100,41229,N/A
73,2026-02-04T17:56:56.006819,40,22,100,41119,N/A
74,2026-02-04T17:57:02.828123,9,32,100,41284,N/A
75,2026-02-04T17:57:09.855165,65,94,100,42148,N/A
76,2026-02-04T17:57:17.578623,52,51,100,41775,N/A
77,2026-02-04T17:57:24.769687,80,56,100,41898,N/A
78,2026-02-04T17:57:31.921069,19,6,100,40826,N/A
79,2026-02-04T17:57:38.525566,16,2,100,40758,N/A
80,2026-02-04T17:57:44.812932,29,62,100,42015,N/A
82,2026-02-04T17:57:52.063029,82,5,100,40783,N/A
81,2026-02-04T17:57:58.480151,15,92,100,41987,N/A
83,2026-02-04T17:58:06.517590,64,5,100,40784,N/A
84,2026-02-04T17:58:12.938605,64,76,100,42080,N/A
85,2026-02-04T17:58:20.326590,34,33,100,41375,N/A
86,2026-02-04T17:58:27.142058,76,84,100,42104,N/A
87,2026-02-04T17:58:34.804874,15,30,100,41249,N/A
89,2026-02-04T17:58:41.843071,70,9,100,40853,N/A
88,2026-02-04T17:58:48.458567,69,93,100,42103,N/A
91,2026-02-04T17:58:56.263638,36,37,100,41413,N/A
90,2026-02-04T17:59:03.152619,86,98,100,42147,N/A
92,2026-02-04T17:59:11.109556,3,30,100,41158,N/A
94,2026-02-04T17:59:17.724800,97,7,100,40830,N/A
93,2026-02-04T17:59:24.344021,2,64,100,41801,N/A
95,2026-02-04T17:59:31.365542,7,25,100,41110,N/A
96,2026-02-04T17:59:38.261399,16,23,100,41073,N/A
97,2026-02-04T17:59:45.316096,1,96,100,41870,N/A
98,2026-02-04T17:59:52.282579,75,81,100,42089,N/A
99,2026-02-04T17:59:59.845632,66,35,100,41366,N/A
100,2026-02-04T18:00:06.769606,22,69,100,41982,N/A
101,2026-02-04T18:00:14.301604,51,23,100,41105,N/A
103,2026-02-04T18:00:21.106886,59,27,100,41263,N/A
102,2026-02-04T18:00:27.893559,50,94,100,42116,N/A
104,2026-02-04T18:00:35.435571,3,47,100,41312,N/A
105,2026-02-04T18:00:42.346583,19,25,100,41219,N/A
106,2026-02-04T18:00:49.448767,13,8,100,40838,N/A
107,2026-02-04T18:00:56.168737,28,86,100,42047,N/A
108,2026-02-04T18:01:03.794584,29,95,100,42123,N/A
110,2026-02-04T18:01:11.420835,89,4,100,40764,N/A
109,2026-02-04T18:01:17.904059,93,88,100,42139,N/A
111,2026-02-04T18:01:25.574560,25,54,100,41794,N/A
112,2026-02-04T18:01:32.985578,76,66,100,42062,N/A
113,2026-02-04T18:01:40.442646,17,78,100,41989,N/A
114,2026-02-04T18:01:48.125565,58,73,100,42090,N/A
115,2026-02-04T18:01:55.667636,90,33,100,41423,N/A
117,2026-02-04T18:02:02.553578,46,11,100,40865,N/A
116,2026-02-04T18:02:09.258619,17,100,100,42053,N/A
118,2026-02-04T18:02:17.105611,5,28,100,41175,N/A
119,2026-02-04T18:02:23.898538,15,7,100,40860,N/A
120,2026-02-04T18:02:30.523564,23,6,100,40832,N/A
121,2026-02-04T18:02:37.121576,72,49,100,41670,N/A
122,2026-02-04T18:02:44.121622,51,96,100,42142,N/A
123,2026-02-04T18:02:52.210471,54,72,100,42066,N/A
124,2026-02-04T18:02:59.749795,75,89,100,42099,N/A
125,2026-02-04T18:03:07.544673,58,93,100,42108,N/A
126,2026-02-04T18:03:15.278539,40,99,100,42104,N/A
127,2026-02-04T18:03:23.153017,80,40,100,41447,N/A
128,2026-02-04T18:03:30.199555,71,3,100,40773,N/A
129,2026-02-04T18:03:36.627650,86,79,100,42106,N/A
130,2026-02-04T18:03:44.174567,3,85,100,41877,N/A
131,2026-02-04T18:03:51.413564,61,46,100,41483,N/A
132,2026-02-04T18:03:58.448580,85,31,100,41367,N/A
133,2026-02-04T18:04:05.287966,31,21,100,41090,N/A
134,2026-02-04T18:04:12.005573,88,59,100,41941,N/A
135,2026-02-04T18:04:19.098356,93,65,100,42006,N/A
136,2026-02-04T18:04:26.543723,65,21,100,41099,N/A
137,2026-02-04T18:04:33.260554,8,67,100,41886,N/A
138,2026-02-04T18:04:40.559227,26,21,100,41084,N/A
139,2026-02-04T18:04:47.515311,39,32,100,41352,N/A
140,2026-02-04T18:04:54.420013,69,66,100,42045,N/A
141,2026-02-04T18:05:01.908027,25,26,100,41297,N/A
142,2026-02-04T18:05:08.693514,46,8,100,40815,N/A
143,2026-02-04T18:05:15.375961,8,99,100,41920,N/A
144,2026-02-04T18:05:22.873730,9,47,100,41334,N/A
145,2026-02-04T18:05:29.995649,73,41,100,41420,N/A
146,2026-02-04T18:05:37.045750,80,69,100,42045,N/A
147,2026-02-04T18:05:44.540577,85,83,100,42121,N/A
148,2026-02-04T18:05:52.139657,71,67,100,42026,N/A
149,2026-02-04T18:05:59.724742,99,69,100,42075,N/A
150,2026-02-04T18:06:07.058149,15,57,100,41779,N/A
151,2026-02-04T18:06:14.489151,88,10,100,40849,N/A
152,2026-02-04T18:06:21.250196,22,69,100,41982,N/A
153,2026-02-04T18:06:28.714763,41,46,100,41514,N/A
154,2026-02-04T18:06:35.894584,19,78,100,41987,N/A
155,2026-02-04T18:06:43.569054,48,47,100,41496,N/A
157,2026-02-04T18:06:50.494385,21,35,100,41344,N/A
156,2026-02-04T18:06:57.451618,52,96,100,42151,N/A
158,2026-02-04T18:07:05.338345,42,75,100,42070,N/A
159,2026-02-04T18:07:13.054074,22,83,100,42040,N/A
160,2026-02-04T18:07:20.834608,45,28,100,41278,N/A
161,2026-02-04T18:07:27.780081,46,85,100,42116,N/A
162,2026-02-04T18:07:35.372710,93,40,100,41456,N/A
163,2026-02-04T18:07:42.352600,7,58,100,41727,N/A
164,2026-02-04T18:07:49.627313,70,49,100,41655,N/A
165,2026-02-04T18:07:56.871711,69,40,100,41441,N/A
166,2026-02-04T18:08:03.786818,25,4,100,40766,N/A
167,2026-02-04T18:08:10.398593,77,79,100,42131,N/A
168,2026-02-04T18:08:17.935980,13,96,100,41928,N/A
169,2026-02-04T18:08:25.784005,54,79,100,42138,N/A
170,2026-02-04T18:08:33.450903,71,24,100,41194,N/A
171,2026-02-04T18:08:40.334748,78,18,100,41102,N/A
172,2026-02-04T18:08:47.288101,6,26,100,41129,N/A
173,2026-02-04T18:08:54.124626,30,52,100,41833,N/A
174,2026-02-04T18:09:01.504830,75,5,100,40796,N/A
175,2026-02-04T18:09:07.879537,30,23,100,41124,N/A
176,2026-02-04T18:09:14.562555,36,89,100,42138,N/A
177,2026-02-04T18:09:22.147068,37,96,100,42119,N/A
179,2026-02-04T18:09:29.853579,88,15,100,40919,N/A
178,2026-02-04T18:09:36.570077,77,82,100,42132,N/A
181,2026-02-04T18:09:44.040838,74,19,100,41091,N/A
180,2026-02-04T18:09:50.829591,38,88,100,42127,N/A
182,2026-02-04T18:09:58.241609,89,39,100,41419,N/A
183,2026-02-04T18:10:05.274148,38,77,100,42114,N/A
184,2026-02-04T18:10:12.823642,3,43,100,41254,N/A
185,2026-02-04T18:10:19.604627,47,71,100,42066,N/A
186,2026-02-04T18:10:26.901739,75,52,100,41821,N/A
187,2026-02-04T18:10:34.131631,2,12,100,40862,N/A
188,2026-02-04T18:10:40.520044,24,62,100,41927,N/A
189,2026-02-04T18:10:47.998589,16,22,100,41061,N/A
190,2026-02-04T18:10:54.823581,91,84,100,42111,N/A
191,2026-02-04T18:11:02.521939,86,99,100,42120,N/A
192,2026-02-04T18:11:10.576097,4,52,100,41637,N/A
193,2026-02-04T18:11:17.233586,7,59,100,41733,N/A
194,2026-02-04T18:11:24.515346,44,44,100,41401,N/A
195,2026-02-04T18:11:31.434657,67,1,100,40723,N/A
197,2026-02-04T18:11:37.582554,55,19,100,41058,N/A
196,2026-02-04T18:11:44.235118,52,94,100,42133,N/A
199,2026-02-04T18:11:51.979556,34,1,100,40717,N/A
198,2026-02-04T18:11:58.126598,92,87,100,42116,N/A
200,2026-02-04T18:12:05.698560,8,12,100,40914,N/A
201,2026-02-04T18:12:12.320466,51,100,100,42125,N/A
202,2026-02-04T18:12:19.984714,34,63,100,41984,N/A
203,2026-02-04T18:12:27.351751,40,4,100,40787,N/A
204,2026-02-04T18:12:33.619886,6,63,100,41829,N/A
205,2026-02-04T18:12:40.777572,12,96,100,41974,N/A
206,2026-02-04T18:12:48.741346,95,61,100,41958,N/A
207,2026-02-04T18:12:56.152743,5,57,100,41699,N/A
208,2026-02-04T18:13:03.436185,96,28,100,41281,N/A
210,2026-02-04T18:13:10.256101,28,8,100,40861,N/A
209,2026-02-04T18:13:16.796894,27,72,100,42019,N/A
211,2026-02-04T18:13:24.286697,46,70,100,42003,N/A
213,2026-02-04T18:13:31.803300,87,16,100,41031,N/A
212,2026-02-04T18:13:38.582537,10,87,100,41937,N/A
214,2026-02-04T18:13:46.322598,86,64,100,41956,N/A
215,2026-02-04T18:13:53.753073,89,42,100,41400,N/A
216,2026-02-04T18:14:00.821025,99,43,100,41462,N/A
217,2026-02-04T18:14:07.890562,61,75,100,42079,N/A
218,2026-02-04T18:14:15.144637,40,69,100,42017,N/A
219,2026-02-04T18:14:22.462588,15,35,100,41260,N/A
220,2026-02-04T18:14:29.484603,31,35,100,41376,N/A
222,2026-02-04T18:14:36.479231,3,9,100,40773,N/A
221,2026-02-04T18:14:42.938599,12,90,100,41946,N/A
223,2026-02-04T18:14:50.599562,88,33,100,41360,N/A
224,2026-02-04T18:14:57.474575,38,49,100,41585,N/A
225,2026-02-04T18:15:04.673567,21,23,100,41112,N/A
226,2026-02-04T18:15:11.527565,18,26,100,41231,N/A
228,2026-02-04T18:15:18.591538,43,8,100,40862,N/A
227,2026-02-04T18:15:25.229361,91,74,100,42120,N/A
229,2026-02-04T18:15:32.556256,7,4,100,40761,N/A
230,2026-02-04T18:15:38.938555,10,34,100,41314,N/A
231,2026-02-04T18:15:45.931047,92,15,100,40906,N/A
232,2026-02-04T18:15:52.683655,63,35,100,41388,N/A
233,2026-02-04T18:15:59.639862,97,1,100,40717,N/A
234,2026-02-04T18:16:05.835883,62,38,100,41435,N/A
235,2026-02-04T18:16:12.699539,75,58,100,41932,N/A
236,2026-02-04T18:16:19.862911,39,74,100,42101,N/A
237,2026-02-04T18:16:27.362964,29,50,100,41759,N/A
238,2026-02-04T18:16:34.465752,29,59,100,41903,N/A
239,2026-02-04T18:16:41.869570,81,100,100,42126,N/A
240,2026-02-04T18:16:49.826122,1,64,100,41782,N/A
241,2026-02-04T18:16:56.471018,82,68,100,42043,N/A
242,2026-02-04T18:17:03.933123,99,3,100,40778,N/A
243,2026-02-04T18:17:10.276994,12,18,100,41035,N/A
244,2026-02-04T18:17:17.010562,57,65,100,42033,N/A
246,2026-02-04T18:17:24.327294,93,28,100,41274,N/A
245,2026-02-04T18:17:31.247685,44,97,100,42144,N/A
247,2026-02-04T18:17:39.009249,43,10,100,40862,N/A
248,2026-02-04T18:17:45.718440,56,58,100,41937,N/A
249,2026-02-04T18:17:53.013578,41,91,100,42127,N/A
250,2026-02-04T18:18:00.695583,39,40,100,41427,N/A
251,2026-02-04T18:18:07.773842,65,70,100,42096,N/A
253,2026-02-04T18:18:15.218723,53,37,100,41403,N/A
252,2026-02-04T18:18:22.266675,68,99,100,42174,N/A
254,2026-02-04T18:18:30.187577,96,75,100,42123,N/A
256,2026-02-04T18:18:37.794166,25,35,100,41351,N/A
255,2026-02-04T18:18:44.815607,21,88,100,41995,N/A
257,2026-02-04T18:18:52.684561,43,96,100,42144,N/A
258,2026-02-04T18:19:00.377880,63,65,100,42026,N/A
259,2026-02-04T18:19:07.799331,13,60,100,41809,N/A
260,2026-02-04T18:19:15.159648,59,93,100,42131,N/A
261,2026-02-04T18:19:22.864633,35,64,100,42023,N/A
262,2026-02-04T18:19:30.372580,61,85,100,42139,N/A
264,2026-02-04T18:19:38.095103,41,14,100,40928,N/A
263,2026-02-04T18:19:44.747755,11,79,100,41960,N/A
265,2026-02-04T18:19:52.427015,67,90,100,42130,N/A
266,2026-02-04T18:20:00.150937,83,20,100,41127,N/A
267,2026-02-04T18:20:07.027573,91,83,100,42141,N/A
268,2026-02-04T18:20:14.658528,41,79,100,42092,N/A
269,2026-02-04T18:20:22.261838,83,63,100,41981,N/A
270,2026-02-04T18:20:29.538556,12,25,100,41166,N/A
271,2026-02-04T18:20:36.464614,69,54,100,41863,N/A
272,2026-02-04T18:20:43.583909,97,24,100,41150,N/A
273,2026-02-04T18:20:50.413608,54,66,100,42076,N/A
274,2026-02-04T18:20:57.636907,79,3,100,40767,N/A
275,2026-02-04T18:21:03.972607,84,56,100,41944,N/A
276,2026-02-04T18:21:11.280577,53,22,100,41090,N/A
278,2026-02-04T18:21:18.022868,58,13,100,40880,N/A
277,2026-02-04T18:21:24.745661,49,95,100,42114,N/A
279,2026-02-04T18:21:32.603558,20,7,100,40862,N/A
280,2026-02-04T18:21:39.104579,68,31,100,41305,N/A
281,2026-02-04T18:21:46.039027,46,37,100,41405,N/A
282,2026-02-04T18:21:52.932627,13,81,100,41960,N/A
283,2026-02-04T18:22:00.779067,90,18,100,41098,N/A
284,2026-02-04T18:22:07.624566,17,47,100,41424,N/A
285,2026-02-04T18:22:14.940092,44,35,100,41383,N/A
286,2026-02-04T18:22:21.855929,20,71,100,41976,N/A
287,2026-02-04T18:22:29.567252,33,68,100,42034,N/A
288,2026-02-04T18:22:37.016487,28,24,100,41151,N/A
289,2026-02-04T18:22:43.736158,74,47,100,41482,N/A
290,2026-02-04T18:22:50.763615,11,46,100,41299,N/A
291,2026-02-04T18:22:57.953564,100,61,100,41964,N/A
292,2026-02-04T18:23:05.354551,70,51,100,41805,N/A
293,2026-02-04T18:23:12.437600,48,86,100,42109,N/A
294,2026-02-04T18:23:20.135752,40,58,100,41883,N/A
295,2026-02-04T18:23:27.510737,80,70,100,42033,N/A
296,2026-02-04T18:23:34.966571,63,55,100,41888,N/A
297,2026-02-04T18:23:42.292335,60,40,100,41390,N/A
298,2026-02-04T18:23:49.276537,79,83,100,42132,N/A
299,2026-02-04T18:23:56.967577,20,69,100,41954,N/A
300,2026-02-04T18:24:04.378576,95,21,100,41104,N/A
301,2026-02-04T18:24:11.149299,65,35,100,41360,N/A
302,2026-02-04T18:24:17.997760,12,38,100,41284,N/A
303,2026-02-04T18:24:25.212577,27,19,100,41071,N/A
304,2026-02-04T18:24:32.018901,81,23,100,41131,N/A
305,2026-02-04T18:24:38.661861,81,100,100,42138,N/A
306,2026-02-04T18:24:46.468555,15,98,100,41979,N/A
307,2026-02-04T18:24:54.497609,33,62,100,41962,N/A
308,2026-02-04T18:25:01.769605,32,12,100,40898,N/A
309,2026-02-04T18:25:08.415650,62,50,100,41758,N/A
311,2026-02-04T18:25:15.505713,17,24,100,41106,N/A
310,2026-02-04T18:25:22.331461,69,83,100,42096,N/A
312,2026-02-04T18:25:29.770861,94,38,100,41420,N/A
313,2026-02-04T18:25:36.797258,13,45,100,41289,N/A
314,2026-02-04T18:25:44.158967,61,30,100,41322,N/A
315,2026-02-04T18:25:51.023045,81,18,100,41031,N/A
316,2026-02-04T18:25:57.816626,27,36,100,41348,N/A
317,2026-02-04T18:26:04.687581,32,71,100,42072,N/A
318,2026-02-04T18:26:12.209196,29,74,100,42050,N/A
319,2026-02-04T18:26:19.709561,99,55,100,41889,N/A
320,2026-02-04T18:26:26.921568,86,93,100,42146,N/A
321,2026-02-04T18:26:34.657569,69,73,100,42062,N/A
322,2026-02-04T18:26:42.236183,53,71,100,42050,N/A
323,2026-02-04T18:26:49.670565,79,90,100,42124,N/A
324,2026-02-04T18:26:57.251519,9,73,100,41883,N/A
325,2026-02-04T18:27:04.831160,34,87,100,42105,N/A
326,2026-02-04T18:27:12.576745,52,31,100,41313,N/A
327,2026-02-04T18:27:19.581059,31,11,100,40855,N/A
328,2026-02-04T18:27:26.358532,100,16,100,41050,N/A
329,2026-02-04T18:27:33.067115,55,54,100,41849,N/A
330,2026-02-04T18:27:40.304566,14,18,100,41029,N/A
331,2026-02-04T18:27:47.019677,14,33,100,41249,N/A
333,2026-02-04T18:27:54.083663,31,2,100,40735,N/A
332,2026-02-04T18:28:00.333518,29,96,100,42109,N/A
334,2026-02-04T18:28:08.107789,71,17,100,41060,N/A
335,2026-02-04T18:28:14.992778,9,29,100,41185,N/A
336,2026-02-04T18:28:21.938015,46,36,100,41404,N/A
337,2026-02-04T18:28:28.857636,97,18,100,41064,N/A
338,2026-02-04T18:28:35.655677,77,94,100,42129,N/A
339,2026-02-04T18:28:43.432544,25,40,100,41368,N/A
340,2026-02-04T18:28:50.634122,12,14,100,40910,N/A
341,2026-02-04T18:28:57.444821,16,6,100,40800,N/A
342,2026-02-04T18:29:03.928776,42,7,100,40862,N/A
343,2026-02-04T18:29:10.581485,83,9,100,40838,N/A
344,2026-02-04T18:29:17.224801,47,34,100,41391,N/A
345,2026-02-04T18:29:24.110197,29,2,100,40747,N/A
346,2026-02-04T18:29:30.336399,40,71,100,42031,N/A
347,2026-02-04T18:29:37.599543,42,69,100,42034,N/A
348,2026-02-04T18:29:44.974553,33,94,100,42088,N/A
349,2026-02-04T18:29:52.945559,76,71,100,42068,N/A
350,2026-02-04T18:30:00.360132,83,89,100,42111,N/A
352,2026-02-04T18:30:08.067596,92,6,100,40790,N/A
351,2026-02-04T18:30:14.665711,90,91,100,42126,N/A
353,2026-02-04T18:30:22.498799,11,76,100,41938,N/A
354,2026-02-04T18:30:30.270822,10,95,100,41927,N/A
355,2026-02-04T18:30:38.121211,54,53,100,41904,N/A
356,2026-02-04T18:30:45.220982,13,37,100,41258,N/A
357,2026-02-04T18:30:52.217562,21,8,100,40841,N/A
358,2026-02-04T18:30:58.813561,45,72,100,42029,N/A
359,2026-02-04T18:31:06.300556,17,63,100,41930,N/A
360,2026-02-04T18:31:13.670965,46,26,100,41237,N/A
361,2026-02-04T18:31:20.549993,61,36,100,41356,N/A
362,2026-02-04T18:31:27.555209,76,57,100,41935,N/A
363,2026-02-04T18:31:34.720743,81,61,100,41976,N/A
365,2026-02-04T18:31:42.109615,48,9,100,40855,N/A
364,2026-02-04T18:31:48.841725,49,66,100,42036,N/A
366,2026-02-04T18:31:56.186951,33,18,100,41045,N/A
367,2026-02-04T18:32:02.977684,85,41,100,41440,N/A
369,2026-02-04T18:32:09.972575,53,21,100,41079,N/A
368,2026-02-04T18:32:16.903586,100,97,100,42134,N/A
371,2026-02-04T18:32:24.783640,24,12,100,40928,N/A
370,2026-02-04T18:32:31.663861,91,75,100,42078,N/A
372,2026-02-04T18:32:39.116588,89,47,100,41487,N/A
373,2026-02-04T18:32:46.229634,83,62,100,41932,N/A
374,2026-02-04T18:32:53.581742,11,79,100,41929,N/A
375,2026-02-04T18:33:01.366736,54,46,100,41466,N/A
376,2026-02-04T18:33:08.346511,92,1,100,40745,N/A
377,2026-02-04T18:33:14.565520,93,75,100,42110,N/A
378,2026-02-04T18:33:22.002287,24,96,100,42031,N/A
380,2026-02-04T18:33:29.818571,35,38,100,41433,N/A
379,2026-02-04T18:33:36.660744,23,96,100,42049,N/A
381,2026-02-04T18:33:44.281463,1,94,100,41847,N/A
382,2026-02-04T18:33:51.272298,31,70,100,42040,N/A
383,2026-02-04T18:33:58.673615,61,54,100,41892,N/A
384,2026-02-04T18:34:05.852564,36,20,100,41082,N/A
385,2026-02-04T18:34:12.590580,75,32,100,41340,N/A
386,2026-02-04T18:34:19.526759,16,8,100,40831,N/A
387,2026-02-04T18:34:26.131571,48,47,100,41474,N/A
388,2026-02-04T18:34:33.085641,4,5,100,40789,N/A
389,2026-02-04T18:34:39.444056,22,46,100,41417,N/A
390,2026-02-04T18:34:46.747554,91,9,100,40823,N/A
391,2026-02-04T18:34:53.514693,38,95,100,42075,N/A
392,2026-02-04T18:35:01.223259,9,85,100,41985,N/A
393,2026-02-04T18:35:08.915573,24,43,100,41441,N/A
394,2026-02-04T18:35:16.078199,12,76,100,41906,N/A
395,2026-02-04T18:35:23.755572,83,64,100,42034,N/A
396,2026-02-04T18:35:31.085817,53,28,100,41259,N/A
397,2026-02-04T18:35:37.960798,67,79,100,42142,N/A
398,2026-02-04T18:35:45.355566,23,65,100,41964,N/A
399,2026-02-04T18:35:52.794037,57,61,100,41989,N/A
400,2026-02-04T18:35:59.963246,8,26,100,41171,N/A
401,2026-02-04T18:36:06.880115,45,5,100,40793,N/A
402,2026-02-04T18:36:13.203081,86,71,100,42103,N/A
403,2026-02-04T18:36:20.720846,32,95,100,42088,N/A
404,2026-02-04T18:36:28.462597,100,38,100,41398,N/A
405,2026-02-04T18:36:35.347562,5,47,100,41297,N/A
406,2026-02-04T18:36:42.180068,72,24,100,41172,N/A
407,2026-02-04T18:36:48.976562,91,16,100,41046,N/A
408,2026-02-04T18:36:55.660766,64,18,100,41062,N/A
409,2026-02-04T18:37:02.383177,63,28,100,41322,N/A
410,2026-02-04T18:37:09.092632,94,58,100,41921,N/A
411,2026-02-04T18:37:16.295597,2,25,100,41050,N/A
412,2026-02-04T18:37:22.727553,38,42,100,41406,N/A
413,2026-02-04T18:37:29.725612,44,63,100,42001,N/A
414,2026-02-04T18:37:37.059138,7,46,100,41271,N/A
415,2026-02-04T18:37:44.215204,33,13,100,40881,N/A
416,2026-02-04T18:37:50.994543,8,58,100,41764,N/A
417,2026-02-04T18:37:58.198248,47,34,100,41365,N/A
418,2026-02-04T18:38:05.094562,7,57,100,41758,N/A
419,2026-02-04T18:38:12.317222,48,22,100,41072,N/A
420,2026-02-04T18:38:19.165783,37,51,100,41749,N/A
421,2026-02-04T18:38:26.361662,21,44,100,41370,N/A
422,2026-02-04T18:38:33.456570,44,21,100,41068,N/A
423,2026-02-04T18:38:40.237567,75,2,100,40727,N/A
424,2026-02-04T18:38:46.292565,69,65,100,42041,N/A
425,2026-02-04T18:38:53.687085,34,42,100,41422,N/A
426,2026-02-04T18:39:00.759740,97,53,100,41881,N/A
427,2026-02-04T18:39:07.830078,68,64,100,42027,N/A
428,2026-02-04T18:39:15.142600,48,24,100,41123,N/A
429,2026-02-04T18:39:21.954444,66,3,100,40737,N/A
430,2026-02-04T18:39:28.309293,85,57,100,41910,N/A
431,2026-02-04T18:39:35.574821,96,12,100,40947,N/A
432,2026-02-04T18:39:42.299576,22,70,100,41979,N/A
433,2026-02-04T18:39:49.915128,92,16,100,41067,N/A
434,2026-02-04T18:39:56.735568,30,55,100,41880,N/A
435,2026-02-04T18:40:03.969276,23,92,100,42044,N/A
436,2026-02-04T18:40:11.819830,19,82,100,42015,N/A
437,2026-02-04T18:40:19.494585,58,32,100,41332,N/A
438,2026-02-04T18:40:26.349685,39,81,100,42130,N/A
439,2026-02-04T18:40:33.930705,22,77,100,41964,N/A
440,2026-02-04T18:40:41.380778,31,47,100,41510,N/A
441,2026-02-04T18:40:48.492674,54,60,100,41951,N/A
442,2026-02-04T18:40:55.761526,58,92,100,42111,N/A
443,2026-02-04T18:41:03.351896,33,50,100,41730,N/A
444,2026-02-04T18:41:10.538548,21,88,100,42050,N/A
445,2026-02-04T18:41:18.319500,5,76,100,41885,N/A
446,2026-02-04T18:41:25.626571,34,70,100,42050,N/A
447,2026-02-04T18:41:33.055158,79,52,100,41836,N/A
448,2026-02-04T18:41:40.180194,47,3,100,40761,N/A
449,2026-02-04T18:41:46.387753,42,15,100,40905,N/A
450,2026-02-04T18:41:52.956693,9,17,100,40988,N/A
451,2026-02-04T18:41:59.633889,49,8,100,40840,N/A
453,2026-02-04T18:42:06.328526,81,8,100,40840,N/A
452,2026-02-04T18:42:12.954083,48,91,100,42106,N/A
454,2026-02-04T18:42:20.459740,78,81,100,42123,N/A
455,2026-02-04T18:42:27.992622,25,42,100,41394,N/A
456,2026-02-04T18:42:34.954621,68,75,100,42087,N/A
457,2026-02-04T18:42:42.466155,57,82,100,42130,N/A
458,2026-02-04T18:42:49.993761,13,84,100,41960,N/A
459,2026-02-04T18:42:57.791373,50,33,100,41369,N/A
460,2026-02-04T18:43:04.922441,21,37,100,41347,N/A
461,2026-02-04T18:43:11.850452,19,26,100,41212,N/A
462,2026-02-04T18:43:18.692622,21,54,100,41786,N/A
463,2026-02-04T18:43:25.986966,79,85,100,42150,N/A
464,2026-02-04T18:43:33.454561,79,64,100,42018,N/A
465,2026-02-04T18:43:40.907000,93,49,100,41645,N/A
466,2026-02-04T18:43:48.000558,25,95,100,42068,N/A
467,2026-02-04T18:43:55.800579,43,85,100,42098,N/A
469,2026-02-04T18:44:03.201094,34,37,100,41408,N/A
468,2026-02-04T18:44:10.092543,88,100,100,42121,N/A
470,2026-02-04T18:44:17.843981,24,42,100,41381,N/A
471,2026-02-04T18:44:24.928598,24,78,100,42004,N/A
472,2026-02-04T18:44:32.349347,66,83,100,42116,N/A
473,2026-02-04T18:44:40.222588,28,76,100,42056,N/A
474,2026-02-04T18:44:47.883534,68,68,100,42089,N/A
475,2026-02-04T18:44:55.380870,78,15,100,40952,N/A
476,2026-02-04T18:45:02.124506,18,27,100,41258,N/A
478,2026-02-04T18:45:08.799023,57,2,100,40737,N/A
477,2026-02-04T18:45:14.998553,89,69,100,42066,N/A
479,2026-02-04T18:45:22.453017,93,52,100,41810,N/A
480,2026-02-04T18:45:29.666572,41,39,100,41396,N/A
481,2026-02-04T18:45:36.710669,60,83,100,42120,N/A
482,2026-02-04T18:45:44.288099,95,63,100,41984,N/A
483,2026-02-04T18:45:51.545762,12,26,100,41215,N/A
484,2026-02-04T18:45:58.575662,26,44,100,41385,N/A
485,2026-02-04T18:46:05.695889,89,53,100,41868,N/A
486,2026-02-04T18:46:13.022142,21,95,100,42010,N/A
487,2026-02-04T18:46:20.749620,93,48,100,41490,N/A
488,2026-02-04T18:46:27.742681,58,43,100,41388,N/A
489,2026-02-04T18:46:34.662114,64,42,100,41389,N/A
490,2026-02-04T18:46:41.629646,5,38,100,41216,N/A
491,2026-02-04T18:46:48.408689,45,40,100,41443,N/A
492,2026-02-04T18:46:55.289709,89,12,100,40927,N/A
493,2026-02-04T18:47:02.038569,71,58,100,41943,N/A
494,2026-02-04T18:47:09.358709,56,94,100,42152,N/A
495,2026-02-04T18:47:17.079746,98,95,100,42123,N/A
496,2026-02-04T18:47:25.026194,21,38,100,41341,N/A
497,2026-02-04T18:47:31.918567,46,8,100,40818,N/A
498,2026-02-04T18:47:38.581750,62,16,100,41009,N/A
499,2026-02-04T18:47:45.264562,4,59,100,41724,N/A
500,2026-02-04T18:47:52.277658,98,60,100,41916,N/A
501,2026-02-04T18:47:59.635333,55,69,100,42072,N/A
502,2026-02-04T18:48:07.019049,53,96,100,42118,N/A
503,2026-02-04T18:48:14.718584,22,42,100,41392,N/A
504,2026-02-04T18:48:21.814299,48,21,100,41101,N/A
505,2026-02-04T18:48:28.479270,44,72,100,42085,N/A
506,2026-02-04T18:48:35.883510,20,4,100,40771,N/A
507,2026-02-04T18:48:42.383583,57,1,100,40722,N/A
508,2026-02-04T18:48:48.558865,32,95,100,42146,N/A
510,2026-02-04T18:48:56.040512,41,4,100,40782,N/A
509,2026-02-04T18:49:02.424953,98,87,100,42133,N/A
511,2026-02-04T18:49:10.031054,4,90,100,41881,N/A
512,2026-02-04T18:49:17.317594,51,26,100,41234,N/A
513,2026-02-04T18:49:24.168631,28,54,100,41808,N/A
514,2026-02-04T18:49:31.666571,23,40,100,41417,N/A
515,2026-02-04T18:49:38.779585,61,37,100,41404,N/A
516,2026-02-04T18:49:45.915579,99,49,100,41661,N/A
517,2026-02-04T18:49:52.994275,74,46,100,41476,N/A
518,2026-02-04T18:50:00.075663,80,21,100,41112,N/A
519,2026-02-04T18:50:06.842453,68,71,100,42097,N/A
520,2026-02-04T18:50:14.182622,92,65,100,42069,N/A
521,2026-02-04T18:50:21.524784,72,76,100,42073,N/A
522,2026-02-04T18:50:28.966556,19,65,100,41958,N/A
523,2026-02-04T18:50:36.446555,22,22,100,41054,N/A
524,2026-02-04T18:50:43.152777,81,4,100,40798,N/A
525,2026-02-04T18:50:49.345569,96,21,100,41072,N/A
527,2026-02-04T18:50:56.169487,21,2,100,40725,N/A
526,2026-02-04T18:51:02.464563,65,73,100,42089,N/A
528,2026-02-04T18:51:09.981555,67,37,100,41402,N/A
529,2026-02-04T18:51:16.892778,91,66,100,42016,N/A
530,2026-02-04T18:51:24.235008,74,59,100,41952,N/A
531,2026-02-04T18:51:31.445315,19,70,100,41957,N/A
532,2026-02-04T18:51:39.012153,45,52,100,41816,N/A
533,2026-02-04T18:51:46.253586,36,93,100,42113,N/A
534,2026-02-04T18:51:53.969578,85,92,100,42112,N/A
535,2026-02-04T18:52:01.808563,58,51,100,41794,N/A
536,2026-02-04T18:52:09.088693,28,47,100,41461,N/A
537,2026-02-04T18:52:16.359059,64,43,100,41407,N/A
538,2026-02-04T18:52:23.402699,15,82,100,41972,N/A
539,2026-02-04T18:52:31.205700,26,41,100,41394,N/A
540,2026-02-04T18:52:38.176183,20,72,100,41975,N/A
542,2026-02-04T18:52:45.541663,40,19,100,41059,N/A
541,2026-02-04T18:52:52.333802,1,99,100,41830,N/A
543,2026-02-04T18:52:59.350641,39,43,100,41389,N/A
544,2026-02-04T18:53:06.341563,39,93,100,42112,N/A
546,2026-02-04T18:53:14.094512,38,13,100,40917,N/A
545,2026-02-04T18:53:20.830986,71,94,100,42116,N/A
547,2026-02-04T18:53:28.682972,8,69,100,41879,N/A
548,2026-02-04T18:53:36.072617,34,41,100,41392,N/A
549,2026-02-04T18:53:43.107009,54,45,100,41424,N/A
550,2026-02-04T18:53:50.110326,93,42,100,41375,N/A
552,2026-02-04T18:53:57.045578,84,14,100,40899,N/A
551,2026-02-04T18:54:03.729347,83,95,100,42175,N/A
553,2026-02-04T18:54:11.522119,20,72,100,41954,N/A
554,2026-02-04T18:54:19.070280,62,33,100,41384,N/A
555,2026-02-04T18:54:26.009579,15,14,100,40940,N/A
556,2026-02-04T18:54:32.815566,72,99,100,42157,N/A
557,2026-02-04T18:54:40.539590,63,46,100,41453,N/A
558,2026-02-04T18:54:47.500808,6,61,100,41792,N/A
559,2026-02-04T18:54:54.787191,47,50,100,41788,N/A
560,2026-02-04T18:55:01.954601,81,25,100,41251,N/A
561,2026-02-04T18:55:08.791982,98,35,100,41387,N/A
562,2026-02-04T18:55:15.563145,19,74,100,42021,N/A
563,2026-02-04T18:55:23.075849,58,96,100,42138,N/A
564,2026-02-04T18:55:30.694128,79,52,100,41834,N/A
565,2026-02-04T18:55:37.758862,43,95,100,42107,N/A
566,2026-02-04T18:55:45.523578,98,31,100,41409,N/A
567,2026-02-04T18:55:52.482681,88,74,100,42067,N/A
568,2026-02-04T18:56:00.020838,67,56,100,41925,N/A
569,2026-02-04T18:56:07.232955,20,75,100,41983,N/A
570,2026-02-04T18:56:14.873541,92,84,100,42111,N/A
571,2026-02-04T18:56:22.592772,80,83,100,42116,N/A
572,2026-02-04T18:56:30.103555,2,75,100,41877,N/A
573,2026-02-04T18:56:37.150079,67,49,100,41656,N/A
574,2026-02-04T18:56:44.267632,49,39,100,41410,N/A
575,2026-02-04T18:56:51.164972,72,30,100,41314,N/A
576,2026-02-04T18:56:58.089566,58,37,100,41399,N/A
577,2026-02-04T18:57:04.885819,77,48,100,41545,N/A
578,2026-02-04T18:57:11.848707,49,7,100,40863,N/A
579,2026-02-04T18:57:18.351569,60,14,100,40936,N/A
580,2026-02-04T18:57:25.041953,85,45,100,41399,N/A
581,2026-02-04T18:57:32.002101,25,90,100,42041,N/A
582,2026-02-04T18:57:39.888628,23,39,100,41397,N/A
583,2026-02-04T18:57:47.021093,65,51,100,41820,N/A
584,2026-02-04T18:57:54.097034,34,15,100,40959,N/A
585,2026-02-04T18:58:00.803922,93,44,100,41440,N/A
586,2026-02-04T18:58:07.933542,84,21,100,41085,N/A
587,2026-02-04T18:58:14.842578,56,2,100,40760,N/A
588,2026-02-04T18:58:21.080575,90,17,100,41059,N/A
589,2026-02-04T18:58:27.621674,67,22,100,41122,N/A
590,2026-02-04T18:58:34.302000,18,17,100,41059,N/A
591,2026-02-04T18:58:41.103396,97,34,100,41379,N/A
592,2026-02-04T18:58:47.966089,73,81,100,42105,N/A
593,2026-02-04T18:58:55.390663,86,98,100,42164,N/A
594,2026-02-04T18:59:03.207572,38,73,100,42111,N/A
595,2026-02-04T18:59:10.817543,80,53,100,41863,N/A
596,2026-02-04T18:59:17.990374,47,7,100,40829,N/A
597,2026-02-04T18:59:24.465207,66,52,100,41836,N/A
598,2026-02-04T18:59:31.532549,51,64,100,42010,N/A
599,2026-02-04T18:59:38.632572,23,89,100,42008,N/A
600,2026-02-04T18:59:46.293076,27,62,100,41926,N/A
602,2026-02-04T18:59:53.536545,92,40,100,41419,N/A
601,2026-02-04T19:00:00.560564,29,97,100,42117,N/A
603,2026-02-04T19:00:08.151168,79,99,100,42149,N/A
604,2026-02-04T19:00:15.871084,11,90,100,41954,N/A
605,2026-02-04T19:00:23.635567,16,49,100,41531,N/A
606,2026-02-04T19:00:31.064009,97,36,100,41403,N/A
607,2026-02-04T19:00:37.909565,40,73,100,42057,N/A
608,2026-02-04T19:00:45.403236,29,11,100,40906,N/A
609,2026-02-04T19:00:52.222920,29,99,100,42072,N/A
610,2026-02-04T19:00:59.702555,88,76,100,42102,N/A
611,2026-02-04T19:01:07.127927,62,70,100,42123,N/A
612,2026-02-04T19:01:14.578688,91,88,100,42143,N/A
613,2026-02-04T19:01:22.375574,57,88,100,42141,N/A
614,2026-02-04T19:01:29.967337,89,79,100,42135,N/A
615,2026-02-04T19:01:37.532383,37,95,100,42122,N/A
616,2026-02-04T19:01:45.278562,98,90,100,42127,N/A
617,2026-02-04T19:01:53.162214,67,26,100,41273,N/A
618,2026-02-04T19:02:00.028590,75,12,100,40912,N/A
619,2026-02-04T19:02:06.654853,76,66,100,42030,N/A
620,2026-02-04T19:02:13.913690,22,99,100,42009,N/A
621,2026-02-04T19:02:21.875695,23,50,100,41684,N/A
622,2026-02-04T19:02:29.071738,99,59,100,41937,N/A
623,2026-02-04T19:02:36.324849,47,6,100,40833,N/A
624,2026-02-04T19:02:42.779125,68,66,100,42053,N/A
625,2026-02-04T19:02:50.058820,98,44,100,41446,N/A
626,2026-02-04T19:02:57.115649,27,90,100,42107,N/A
627,2026-02-04T19:03:04.861561,38,92,100,42126,N/A
628,2026-02-04T19:03:12.745570,78,26,100,41217,N/A
629,2026-02-04T19:03:19.557916,13,58,100,41822,N/A
630,2026-02-04T19:03:26.934585,48,76,100,42056,N/A
631,2026-02-04T19:03:34.304917,97,87,100,42151,N/A
632,2026-02-04T19:03:42.411715,36,63,100,42001,N/A
633,2026-02-04T19:03:49.740558,16,2,100,40753,N/A
634,2026-02-04T19:03:56.014916,18,30,100,41266,N/A
635,2026-02-04T19:04:03.225562,90,41,100,41449,N/A
637,2026-02-04T19:04:10.272571,28,25,100,41252,N/A
636,2026-02-04T19:04:17.172812,13,99,100,41949,N/A
638,2026-02-04T19:04:25.215008,9,66,100,41847,N/A
640,2026-02-04T19:04:32.781297,96,4,100,40751,N/A
639,2026-02-04T19:04:39.228145,63,87,100,42185,N/A
641,2026-02-04T19:04:46.753663,24,38,100,41376,N/A
642,2026-02-04T19:04:53.854811,45,26,100,41298,N/A
643,2026-02-04T19:05:00.571186,23,34,100,41315,N/A
644,2026-02-04T19:05:07.399707,7,9,100,40883,N/A
645,2026-02-04T19:05:13.889570,3,80,100,41904,N/A
646,2026-02-04T19:05:21.092655,27,39,100,41375,N/A
647,2026-02-04T19:05:28.072006,7,86,100,41908,N/A
648,2026-02-04T19:05:35.496578,45,93,100,42156,N/A
649,2026-02-04T19:05:43.236802,17,46,100,41353,N/A
650,2026-02-04T19:05:50.514568,59,8,100,40880,N/A
651,2026-02-04T19:05:57.039101,10,8,100,40836,N/A
652,2026-02-04T19:06:03.646862,99,60,100,41987,N/A
653,2026-02-04T19:06:11.005591,28,46,100,41424,N/A
654,2026-02-04T19:06:18.251461,28,60,100,41907,N/A
655,2026-02-04T19:06:25.612139,2,9,100,40811,N/A
656,2026-02-04T19:06:32.071571,2,70,100,41874,N/A
657,2026-02-04T19:06:38.970611,69,88,100,42143,N/A
658,2026-02-04T19:06:46.542589,61,70,100,42109,N/A
659,2026-02-04T19:06:53.971539,2,67,100,41780,N/A
660,2026-02-04T19:07:01.008559,68,20,100,41089,N/A
661,2026-02-04T19:07:07.937925,98,70,100,42061,N/A
662,2026-02-04T19:07:15.380564,78,39,100,41419,N/A
663,2026-02-04T19:07:22.262179,43,34,100,41373,N/A
664,2026-02-04T19:07:29.237562,42,87,100,42106,N/A
665,2026-02-04T19:07:36.958775,62,47,100,41501,N/A
667,2026-02-04T19:07:44.124572,75,17,100,41076,N/A
666,2026-02-04T19:07:50.874576,82,91,100,42151,N/A
669,2026-02-04T19:07:58.778550,25,8,100,40853,N/A
668,2026-02-04T19:08:05.344583,41,75,100,42119,N/A
670,2026-02-04T19:08:12.879564,57,71,100,42089,N/A
671,2026-02-04T19:08:20.168000,81,56,100,41875,N/A
672,2026-02-04T19:08:27.516746,83,49,100,41701,N/A
673,2026-02-04T19:08:34.614343,24,20,100,41120,N/A
674,2026-02-04T19:08:41.370588,69,57,100,41926,N/A
675,2026-02-04T19:08:48.561170,67,96,100,42116,N/A
676,2026-02-04T19:08:56.214137,16,32,100,41290,N/A
677,2026-02-04T19:09:03.225556,40,38,100,41407,N/A
678,2026-02-04T19:09:10.148595,100,8,100,40858,N/A
679,2026-02-04T19:09:16.850218,92,43,100,41411,N/A
680,2026-02-04T19:09:23.716552,34,8,100,40847,N/A
681,2026-02-04T19:09:30.248621,45,73,100,42037,N/A
682,2026-02-04T19:09:37.787770,60,99,100,42117,N/A
683,2026-02-04T19:09:45.521123,26,50,100,41741,N/A
685,2026-02-04T19:09:52.689754,61,4,100,40773,N/A
684,2026-02-04T19:09:58.931853,50,76,100,42093,N/A
686,2026-02-04T19:10:06.470158,71,97,100,42121,N/A
687,2026-02-04T19:10:14.327144,39,71,100,42029,N/A
688,2026-02-04T19:10:22.052672,34,52,100,41820,N/A
689,2026-02-04T19:10:29.244239,90,49,100,41623,N/A
690,2026-02-04T19:10:36.323124,23,16,100,41049,N/A
691,2026-02-04T19:10:43.144461,92,26,100,41212,N/A
692,2026-02-04T19:10:50.088568,20,31,100,41290,N/A
693,2026-02-04T19:10:57.046949,53,35,100,41388,N/A
694,2026-02-04T19:11:03.980170,93,38,100,41438,N/A
695,2026-02-04T19:11:10.886563,6,57,100,41712,N/A
696,2026-02-04T19:11:17.925574,9,6,100,40821,N/A
697,2026-02-04T19:11:24.506598,56,1,100,40712,N/A
698,2026-02-04T19:11:30.652520,51,44,100,41449,N/A
699,2026-02-04T19:11:37.689920,57,94,100,42135,N/A
700,2026-02-04T19:11:45.427522,16,89,100,41971,N/A
701,2026-02-04T19:11:53.320007,86,51,100,41812,N/A
702,2026-02-04T19:12:00.534558,15,52,100,41673,N/A
703,2026-02-04T19:12:07.897812,17,34,100,41337,N/A
704,2026-02-04T19:12:15.055195,95,39,100,41390,N/A
705,2026-02-04T19:12:22.025356,81,76,100,42065,N/A
706,2026-02-04T19:12:29.764209,14,99,100,41935,N/A
707,2026-02-04T19:12:37.517949,41,29,100,41287,N/A
708,2026-02-04T19:12:44.439834,82,37,100,41414,N/A
709,2026-02-04T19:12:51.249516,87,69,100,42066,N/A
710,2026-02-04T19:12:58.672548,59,40,100,41409,N/A
711,2026-02-04T19:13:05.522765,61,77,100,42110,N/A
712,2026-02-04T19:13:12.824778,81,64,100,41978,N/A
713,2026-02-04T19:13:20.169550,66,48,100,41547,N/A
714,2026-02-04T19:13:27.134916,64,66,100,42052,N/A
715,2026-02-04T19:13:34.566561,46,36,100,41357,N/A
716,2026-02-04T19:13:41.569034,55,44,100,41433,N/A
717,2026-02-04T19:13:48.658149,67,87,100,42115,N/A
719,2026-02-04T19:13:56.257991,47,26,100,41223,N/A
718,2026-02-04T19:14:03.059574,69,88,100,42129,N/A
720,2026-02-04T19:14:10.604554,3,12,100,40835,N/A
721,2026-02-04T19:14:16.749243,38,8,100,40842,N/A
722,2026-02-04T19:14:23.231068,13,64,100,41874,N/A
723,2026-02-04T19:14:30.689778,60,64,100,42034,N/A
724,2026-02-04T19:14:38.009903,46,53,100,41841,N/A
725,2026-02-04T19:14:45.176283,3,38,100,41197,N/A
727,2026-02-04T19:14:51.933561,8,1,100,40731,N/A
726,2026-02-04T19:14:58.132968,97,66,100,42015,N/A
728,2026-02-04T19:15:05.579669,15,56,100,41765,N/A
729,2026-02-04T19:15:12.939895,60,99,100,42109,N/A
730,2026-02-04T19:15:20.621850,100,36,100,41347,N/A
731,2026-02-04T19:15:27.458644,9,7,100,40839,N/A
732,2026-02-04T19:15:34.046566,99,16,100,41014,N/A
733,2026-02-04T19:15:40.768409,20,38,100,41359,N/A
734,2026-02-04T19:15:47.847916,22,23,100,41113,N/A
735,2026-02-04T19:15:54.788544,5,1,100,40704,N/A
736,2026-02-04T19:16:00.928784,45,24,100,41209,N/A
737,2026-02-04T19:16:07.628557,87,89,100,42174,N/A
739,2026-02-04T19:16:15.150040,8,34,100,41194,N/A
738,2026-02-04T19:16:22.053937,29,99,100,42070,N/A
740,2026-02-04T19:16:29.663546,86,25,100,41223,N/A
741,2026-02-04T19:16:36.510953,91,82,100,42116,N/A
742,2026-02-04T19:16:43.984579,61,81,100,42089,N/A
743,2026-02-04T19:16:51.476525,71,97,100,42141,N/A
744,2026-02-04T19:16:59.218734,66,84,100,42082,N/A
745,2026-02-04T19:17:06.832611,100,67,100,42083,N/A
746,2026-02-04T19:17:14.212023,7,34,100,41213,N/A
747,2026-02-04T19:17:21.173015,13,32,100,41213,N/A
748,2026-02-04T19:17:28.198818,7,65,100,41860,N/A
749,2026-02-04T19:17:35.284173,17,69,100,41912,N/A
750,2026-02-04T19:17:42.852962,17,48,100,41472,N/A
751,2026-02-04T19:17:49.930385,93,24,100,41117,N/A
752,2026-02-04T19:17:56.660335,9,66,100,41863,N/A
753,2026-02-04T19:18:04.115557,34,82,100,42106,N/A
755,2026-02-04T19:18:11.823728,64,14,100,40925,N/A
754,2026-02-04T19:18:18.568839,57,88,100,42153,N/A
756,2026-02-04T19:18:26.123562,69,44,100,41405,N/A
757,2026-02-04T19:18:33.285574,95,26,100,41287,N/A
758,2026-02-04T19:18:39.974569,11,21,100,41039,N/A
759,2026-02-04T19:18:46.697110,83,13,100,40916,N/A
760,2026-02-04T19:18:53.236847,45,36,100,41385,N/A
761,2026-02-04T19:19:00.014612,41,67,100,42057,N/A
762,2026-02-04T19:19:07.321101,86,43,100,41422,N/A
763,2026-02-04T19:19:14.290025,16,54,100,41779,N/A
764,2026-02-04T19:19:21.598016,23,40,100,41402,N/A
765,2026-02-04T19:19:28.453779,50,12,100,40885,N/A
766,2026-02-04T19:19:35.256750,43,11,100,40907,N/A
767,2026-02-04T19:19:41.916717,82,41,100,41421,N/A
768,2026-02-04T19:19:48.969486,2,69,100,41821,N/A
769,2026-02-04T19:19:55.923486,18,16,100,40989,N/A
770,2026-02-04T19:20:02.653555,14,95,100,42004,N/A
771,2026-02-04T19:20:10.506562,93,72,100,42056,N/A
772,2026-02-04T19:20:17.915946,63,4,100,40779,N/A
773,2026-02-04T19:20:24.330106,26,57,100,41838,N/A
774,2026-02-04T19:20:31.525105,86,21,100,41041,N/A
775,2026-02-04T19:20:38.326125,30,7,100,40825,N/A
776,2026-02-04T19:20:44.969773,67,37,100,41392,N/A
778,2026-02-04T19:20:51.870679,91,26,100,41236,N/A
777,2026-02-04T19:20:58.738561,72,93,100,42118,N/A
779,2026-02-04T19:21:06.238586,15,12,100,40852,N/A
780,2026-02-04T19:21:13.004649,72,81,100,42108,N/A
782,2026-02-04T19:21:20.571157,41,21,100,41122,N/A
781,2026-02-04T19:21:27.295939,50,87,100,42131,N/A
783,2026-02-04T19:21:34.948569,93,33,100,41353,N/A
784,2026-02-04T19:21:41.819559,81,56,100,41922,N/A
785,2026-02-04T19:21:49.013240,25,18,100,41049,N/A
786,2026-02-04T19:21:55.825626,35,30,100,41316,N/A
787,2026-02-04T19:22:02.679756,25,18,100,41088,N/A
788,2026-02-04T19:22:09.437616,13,59,100,41825,N/A
789,2026-02-04T19:22:16.803765,68,54,100,41811,N/A
790,2026-02-04T19:22:23.971024,78,67,100,42071,N/A
792,2026-02-04T19:22:31.437724,39,4,100,40755,N/A
791,2026-02-04T19:22:37.825928,99,93,100,42123,N/A
793,2026-02-04T19:22:45.676576,91,57,100,41896,N/A
794,2026-02-04T19:22:53.028162,66,5,100,40823,N/A
795,2026-02-04T19:22:59.528898,5,91,100,41931,N/A
796,2026-02-04T19:23:07.003840,71,73,100,42052,N/A
797,2026-02-04T19:23:14.481931,7,70,100,41890,N/A
798,2026-02-04T19:23:21.783563,56,67,100,42068,N/A
799,2026-02-04T19:23:29.063867,31,35,100,41377,N/A
800,2026-02-04T19:23:35.927321,25,81,100,42012,N/A
801,2026-02-04T19:23:43.535521,40,69,100,42020,N/A
802,2026-02-04T19:23:50.965645,65,95,100,42133,N/A
803,2026-02-04T19:23:58.653686,27,65,100,41951,N/A
804,2026-02-04T19:24:06.136630,88,55,100,41904,N/A
805,2026-02-04T19:24:13.135621,66,61,100,41998,N/A
806,2026-02-04T19:24:20.505867,88,25,100,41232,N/A
807,2026-02-04T19:24:27.366561,1,64,100,41776,N/A
808,2026-02-04T19:24:34.287713,12,52,100,41702,N/A
809,2026-02-04T19:24:41.722816,66,76,100,42110,N/A
810,2026-02-04T19:24:49.019576,66,62,100,41961,N/A
811,2026-02-04T19:24:56.278660,15,2,100,40750,N/A
812,2026-02-04T19:25:02.467142,72,71,100,42073,N/A
813,2026-02-04T19:25:09.866557,99,26,100,41256,N/A
814,2026-02-04T19:25:16.703559,6,96,100,41925,N/A
815,2026-02-04T19:25:24.208568,21,32,100,41321,N/A
816,2026-02-04T19:25:31.341566,98,58,100,41916,N/A
817,2026-02-04T19:25:38.466703,44,24,100,41177,N/A
818,2026-02-04T19:25:45.249628,33,46,100,41461,N/A
819,2026-02-04T19:25:52.353583,74,52,100,41769,N/A
820,2026-02-04T19:25:59.551550,77,79,100,42090,N/A
821,2026-02-04T19:26:07.187682,11,63,100,41864,N/A
822,2026-02-04T19:26:14.690055,75,69,100,42042,N/A
823,2026-02-04T19:26:22.124903,87,54,100,41867,N/A
824,2026-02-04T19:26:29.327055,33,60,100,41911,N/A
825,2026-02-04T19:26:36.586776,23,18,100,41072,N/A
826,2026-02-04T19:26:43.384896,1,7,100,40792,N/A
827,2026-02-04T19:26:49.729926,84,37,100,41389,N/A
828,2026-02-04T19:26:56.587120,50,18,100,41048,N/A
829,2026-02-04T19:27:03.255936,69,33,100,41404,N/A
830,2026-02-04T19:27:10.040761,15,32,100,41291,N/A
831,2026-02-04T19:27:16.987547,4,36,100,41214,N/A
832,2026-02-04T19:27:23.570649,59,22,100,41085,N/A
833,2026-02-04T19:27:30.288594,88,81,100,42082,N/A
834,2026-02-04T19:27:37.950779,29,40,100,41373,N/A
835,2026-02-04T19:27:45.018269,79,14,100,40915,N/A
836,2026-02-04T19:27:51.870170,83,31,100,41365,N/A
837,2026-02-04T19:27:58.667559,41,57,100,41876,N/A
838,2026-02-04T19:28:05.940957,37,51,100,41774,N/A
839,2026-02-04T19:28:13.116009,82,27,100,41258,N/A
840,2026-02-04T19:28:19.832576,2,25,100,41085,N/A
841,2026-02-04T19:28:26.397532,92,45,100,41418,N/A
843,2026-02-04T19:28:33.312738,55,22,100,41070,N/A
842,2026-02-04T19:28:40.133816,23,94,100,42029,N/A
844,2026-02-04T19:28:47.798562,46,63,100,42010,N/A
846,2026-02-04T19:28:55.175182,95,9,100,40822,N/A
845,2026-02-04T19:29:01.926854,1,95,100,41854,N/A
847,2026-02-04T19:29:09.038159,100,73,100,42151,N/A
848,2026-02-04T19:29:16.535566,36,60,100,41916,N/A
849,2026-02-04T19:29:24.078034,99,26,100,41258,N/A
850,2026-02-04T19:29:30.934588,25,36,100,41333,N/A
851,2026-02-04T19:29:37.915580,15,49,100,41530,N/A
852,2026-02-04T19:29:45.209288,53,20,100,41038,N/A
853,2026-02-04T19:29:52.065161,53,22,100,41064,N/A
854,2026-02-04T19:29:58.725333,49,95,100,42170,N/A
855,2026-02-04T19:30:06.390444,97,60,100,42004,N/A
856,2026-02-04T19:30:13.691676,76,82,100,42082,N/A
857,2026-02-04T19:30:21.432876,64,59,100,41911,N/A
858,2026-02-04T19:30:28.836571,72,60,100,41936,N/A
859,2026-02-04T19:30:36.038566,100,8,100,40829,N/A
860,2026-02-04T19:30:42.518716,52,56,100,41915,N/A
861,2026-02-04T19:30:49.711958,86,54,100,41884,N/A
862,2026-02-04T19:30:56.818032,62,33,100,41389,N/A
863,2026-02-04T19:31:03.865807,18,6,100,40806,N/A
864,2026-02-04T19:31:10.345202,29,68,100,42030,N/A
866,2026-02-04T19:31:17.834137,23,16,100,40983,N/A
865,2026-02-04T19:31:24.636595,66,92,100,42151,N/A
867,2026-02-04T19:31:32.362877,17,15,100,40909,N/A
868,2026-02-04T19:31:39.111570,22,11,100,40871,N/A
869,2026-02-04T19:31:45.758668,18,17,100,41035,N/A
871,2026-02-04T19:31:52.519039,61,24,100,41150,N/A
870,2026-02-04T19:31:59.225477,90,86,100,42113,N/A
872,2026-02-04T19:32:06.975554,79,37,100,41390,N/A
873,2026-02-04T19:32:13.805261,85,6,100,40829,N/A
874,2026-02-04T19:32:20.139169,31,26,100,41231,N/A
875,2026-02-04T19:32:26.822567,24,94,100,42011,N/A
876,2026-02-04T19:32:34.274879,86,42,100,41431,N/A
877,2026-02-04T19:32:41.289583,4,6,100,40815,N/A
878,2026-02-04T19:32:47.579740,32,53,100,41842,N/A
879,2026-02-04T19:32:54.743558,53,32,100,41394,N/A
880,2026-02-04T19:33:01.598571,20,91,100,42023,N/A
882,2026-02-04T19:33:09.310564,25,25,100,41205,N/A
881,2026-02-04T19:33:16.117557,10,83,100,41913,N/A
883,2026-02-04T19:33:23.668599,69,15,100,40912,N/A
884,2026-02-04T19:33:30.482575,72,64,100,42025,N/A
885,2026-02-04T19:33:37.812628,79,1,100,40713,N/A
886,2026-02-04T19:33:44.028835,4,97,100,41883,N/A
887,2026-02-04T19:33:51.243574,24,66,100,41950,N/A
888,2026-02-04T19:33:58.648687,83,89,100,42143,N/A
889,2026-02-04T19:34:06.426558,6,89,100,41918,N/A
890,2026-02-04T19:34:13.682160,58,36,100,41394,N/A
891,2026-02-04T19:34:20.592573,81,9,100,40827,N/A
892,2026-02-04T19:34:27.237546,100,83,100,42127,N/A
893,2026-02-04T19:34:34.839564,98,42,100,41401,N/A
894,2026-02-04T19:34:41.897891,26,1,100,40710,N/A
896,2026-02-04T19:34:48.098575,63,36,100,41421,N/A
895,2026-02-04T19:34:54.942885,58,98,100,42170,N/A
897,2026-02-04T19:35:02.794580,55,56,100,41922,N/A
898,2026-02-04T19:35:10.069628,80,71,100,42085,N/A
899,2026-02-04T19:35:17.510229,36,11,100,40849,N/A
901,2026-02-04T19:35:24.115273,58,28,100,41319,N/A
900,2026-02-04T19:35:31.027221,17,88,100,41968,N/A
902,2026-02-04T19:35:38.690982,61,63,100,42017,N/A
903,2026-02-04T19:35:45.951571,96,82,100,42100,N/A
904,2026-02-04T19:35:53.619893,10,82,100,41932,N/A
905,2026-02-04T19:36:01.128130,87,36,100,41402,N/A
906,2026-02-04T19:36:08.161605,90,22,100,41100,N/A
907,2026-02-04T19:36:14.931151,9,63,100,41835,N/A
908,2026-02-04T19:36:22.451497,46,3,100,40753,N/A
909,2026-02-04T19:36:28.663578,95,40,100,41433,N/A
910,2026-02-04T19:36:35.370948,51,95,100,42126,N/A
911,2026-02-04T19:36:43.174576,76,57,100,41901,N/A
912,2026-02-04T19:36:50.459772,10,52,100,41655,N/A
913,2026-02-04T19:36:57.861568,27,61,100,41888,N/A
914,2026-02-04T19:37:05.161724,91,27,100,41250,N/A
915,2026-02-04T19:37:12.093220,35,1,100,40725,N/A
916,2026-02-04T19:37:18.280700,42,34,100,41364,N/A
917,2026-02-04T19:37:25.174894,6,58,100,41742,N/A
918,2026-02-04T19:37:32.327885,68,87,100,42123,N/A
919,2026-02-04T19:37:39.992179,58,78,100,42127,N/A
920,2026-02-04T19:37:47.572541,77,48,100,41466,N/A
921,2026-02-04T19:37:54.640915,97,52,100,41822,N/A
922,2026-02-04T19:38:01.513674,12,54,100,41738,N/A
923,2026-02-04T19:38:08.925862,48,19,100,41043,N/A
924,2026-02-04T19:38:15.609566,74,39,100,41419,N/A
925,2026-02-04T19:38:22.571618,6,21,100,41032,N/A
926,2026-02-04T19:38:29.307700,15,91,100,41951,N/A
927,2026-02-04T19:38:37.084671,74,30,100,41342,N/A
928,2026-02-04T19:38:44.096573,24,23,100,41075,N/A
929,2026-02-04T19:38:50.814998,9,7,100,40851,N/A
930,2026-02-04T19:38:57.380684,34,61,100,41927,N/A
931,2026-02-04T19:39:04.722645,97,71,100,42023,N/A
932,2026-02-04T19:39:12.112656,30,75,100,42062,N/A
933,2026-02-04T19:39:19.557561,41,25,100,41238,N/A
934,2026-02-04T19:39:26.407608,15,45,100,41310,N/A
935,2026-02-04T19:39:33.765370,20,75,100,41997,N/A
936,2026-02-04T19:39:41.533064,46,55,100,41869,N/A
937,2026-02-04T19:39:48.861815,11,52,100,41633,N/A
938,2026-02-04T19:39:56.326014,75,30,100,41352,N/A
939,2026-02-04T19:40:03.129648,45,83,100,42116,N/A
940,2026-02-04T19:40:10.805195,60,58,100,41902,N/A
941,2026-02-04T19:40:17.896789,52,34,100,41372,N/A
942,2026-02-04T19:40:24.685674,89,52,100,41841,N/A
943,2026-02-04T19:40:31.892376,36,43,100,41440,N/A
944,2026-02-04T19:40:38.817718,75,89,100,42124,N/A
945,2026-02-04T19:40:46.649687,100,59,100,41905,N/A
946,2026-02-04T19:40:53.943098,91,81,100,42102,N/A
947,2026-02-04T19:41:01.631555,94,99,100,42144,N/A
948,2026-02-04T19:41:09.566198,43,91,100,42117,N/A
949,2026-02-04T19:41:17.316557,77,78,100,42070,N/A
950,2026-02-04T19:41:24.976796,4,95,100,41917,N/A
951,2026-02-04T19:41:32.570877,2,49,100,41440,N/A
952,2026-02-04T19:41:39.467062,10,94,100,41935,N/A
953,2026-02-04T19:41:47.214047,26,35,100,41330,N/A
954,2026-02-04T19:41:54.051652,53,19,100,41061,N/A
955,2026-02-04T19:42:00.902594,5,42,100,41253,N/A
956,2026-02-04T19:42:07.899920,68,20,100,41116,N/A
957,2026-02-04T19:42:14.718028,49,64,100,42009,N/A
959,2026-02-04T19:42:21.996993,27,15,100,40916,N/A
958,2026-02-04T19:42:28.719544,79,74,100,42072,N/A
960,2026-02-04T19:42:36.191556,3,57,100,41678,N/A
961,2026-02-04T19:42:43.168827,93,58,100,41926,N/A
962,2026-02-04T19:42:50.724483,24,56,100,41869,N/A
963,2026-02-04T19:42:58.328586,46,73,100,42055,N/A
964,2026-02-04T19:43:05.865120,90,25,100,41243,N/A
965,2026-02-04T19:43:12.865634,95,100,100,42124,N/A
966,2026-02-04T19:43:20.832825,31,52,100,41767,N/A
967,2026-02-04T19:43:28.245646,50,60,100,41941,N/A
969,2026-02-04T19:43:35.614370,54,3,100,40764,N/A
968,2026-02-04T19:43:41.968795,32,76,100,42085,N/A
970,2026-02-04T19:43:49.598303,86,14,100,40932,N/A
971,2026-02-04T19:43:56.525848,13,80,100,41940,N/A
972,2026-02-04T19:44:04.352527,84,25,100,41202,N/A
973,2026-02-04T19:44:11.326847,10,21,100,41068,N/A
974,2026-02-04T19:44:18.358706,51,25,100,41184,N/A
975,2026-02-04T19:44:25.387726,22,71,100,42001,N/A
976,2026-02-04T19:44:32.741927,82,76,100,42061,N/A
977,2026-02-04T19:44:40.422538,5,60,100,41755,N/A
978,2026-02-04T19:44:47.579012,38,14,100,40917,N/A
979,2026-02-04T19:44:54.289697,46,53,100,41835,N/A
980,2026-02-04T19:45:01.542981,31,42,100,41463,N/A
981,2026-02-04T19:45:08.696874,21,98,100,42044,N/A
982,2026-02-04T19:45:16.547256,46,98,100,42110,N/A
983,2026-02-04T19:45:24.377561,93,92,100,42127,N/A
984,2026-02-04T19:45:32.191551,9,68,100,41932,N/A
985,2026-02-04T19:45:39.640666,33,36,100,41411,N/A
986,2026-02-04T19:45:46.434681,94,80,100,42126,N/A
987,2026-02-04T19:45:54.056242,9,90,100,41910,N/A
988,2026-02-04T19:46:01.780833,14,45,100,41347,N/A
989,2026-02-04T19:46:09.351339,1,50,100,41558,N/A
990,2026-02-04T19:46:16.091493,74,8,100,40813,N/A
992,2026-02-04T19:46:22.840373,41,20,100,41095,N/A
991,2026-02-04T19:46:29.712069,6,95,100,41920,N/A
993,2026-02-04T19:46:37.192309,64,83,100,42111,N/A
994,2026-02-04T19:46:44.817388,13,41,100,41285,N/A
995,2026-02-04T19:46:52.210349,56,56,100,41932,N/A
996,2026-02-04T19:46:59.611139,5,70,100,41848,N/A
997,2026-02-04T19:47:06.942061,16,26,100,41263,N/A
998,2026-02-04T19:47:14.065106,4,45,100,41235,N/A
999,2026-02-04T19:47:20.901355,57,42,100,41451,N/A
1000,2026-02-04T19:47:28.045580,41,18,100,41084,N/A
