repo_index,generation_time_sec,input_depth,input_max_branch,input_min_branch,input_tree_type,input_num_roa,input_seed,depth,num_ca,max_branch,leaf_count,num_roa,num_mft,num_crl,num_cert
0,14.526,10,2,1,sparse,3,46,9,68,2,22,204,68,68,99
1,6.337,46,1,1,sparse,2,47,45,46,1,1,92,46,46,47
2,4.815,32,1,1,full,3,51,31,32,1,1,96,32,32,33
3,0.24,35,1,1,random,2,52,0,1,0,1,2,1,1,2
4,11.195,79,1,1,sparse,3,53,78,79,1,1,237,79,79,80
5,6.221,18,2,2,random,2,54,17,33,2,6,66,33,33,46
6,1.909,12,1,1,sparse,2,55,11,12,1,1,24,12,12,13
7,10.142,72,1,1,sparse,3,56,71,72,1,1,216,72,72,73
8,17.526,6,2,1,full,3,57,5,63,2,32,189,63,63,127
9,10.658,75,1,1,sparse,3,58,74,75,1,1,225,75,75,76
10,3.81,29,1,1,full,1,59,28,29,1,1,29,29,29,30
11,1.375,40,2,1,random,1,60,3,7,2,2,7,7,7,10
12,0.224,64,1,1,random,2,61,0,1,0,1,2,1,1,2
13,9.612,74,1,1,full,2,62,73,74,1,1,148,74,74,75
14,2.215,57,2,2,random,2,63,7,10,2,2,20,10,10,15
15,8.708,61,1,1,sparse,3,64,60,61,1,1,183,61,61,62
16,0.253,10,1,1,random,2,67,0,1,0,1,2,1,1,2
17,10.704,88,1,1,full,1,69,87,88,1,1,88,88,88,89
18,1.266,16,2,2,random,1,70,4,6,2,2,6,6,6,8
19,5.376,42,1,1,full,1,71,41,42,1,1,42,42,42,43
20,1.498,10,1,1,sparse,3,72,9,10,1,1,30,10,10,11
21,5.414,36,1,1,sparse,1,73,35,36,1,1,36,36,36,37
22,10.673,79,1,1,full,2,74,78,79,1,1,158,79,79,80
23,3.864,25,1,1,sparse,3,78,24,25,1,1,75,25,25,26
24,3.708,35,2,2,random,2,80,10,18,2,5,36,18,18,28
25,0.513,94,2,1,random,1,84,1,2,1,1,2,2,2,4
26,3.093,26,1,1,full,1,85,25,26,1,1,26,26,26,27
27,12.49,100,1,1,sparse,1,86,99,100,1,1,100,100,100,101
28,0.315,19,1,1,random,2,87,0,1,0,1,2,1,1,2
29,7.857,51,1,1,full,3,88,50,51,1,1,153,51,51,52
30,1.147,11,2,1,random,1,89,3,5,2,2,5,5,5,8
31,3.83,27,1,1,sparse,3,90,26,27,1,1,81,27,27,28
32,0.293,11,1,1,random,2,91,0,1,0,1,2,1,1,2
33,0.261,70,1,1,random,2,94,0,1,0,1,2,1,1,2
34,12.299,98,1,1,full,1,95,97,98,1,1,98,98,98,99
35,0.291,46,1,1,random,1,98,0,1,0,1,1,1,1,2
36,0.439,75,1,1,random,1,101,2,3,1,1,3,3,3,4
37,0.321,3,1,1,random,2,104,0,1,0,1,2,1,1,2
38,4.126,32,2,2,random,1,107,13,21,2,5,21,21,21,33
39,2.689,17,1,1,sparse,2,108,16,17,1,1,34,17,17,18
40,0.349,36,1,1,random,3,109,0,1,0,1,3,1,1,2
41,0.274,50,1,1,random,3,110,0,1,0,1,3,1,1,2
42,38.545,62,2,2,random,3,112,46,182,2,39,546,182,182,273
43,1.488,4,2,1,random,3,113,3,6,2,2,18,6,6,10
44,3.835,31,1,1,sparse,1,114,30,31,1,1,31,31,31,32
45,4.639,37,1,1,sparse,1,115,36,37,1,1,37,37,37,38
46,4.609,31,1,1,full,2,117,30,31,1,1,62,31,31,32
47,13.225,92,1,1,full,3,118,91,92,1,1,276,92,92,93
48,5.019,37,1,1,full,1,119,36,37,1,1,37,37,37,38
49,9.525,66,1,1,sparse,3,120,65,66,1,1,198,66,66,67
50,1.719,12,1,1,sparse,1,121,11,12,1,1,12,12,12,13
51,10.156,66,1,1,full,3,122,65,66,1,1,198,66,66,67
52,0.53,7,2,1,random,2,123,1,2,1,1,4,2,2,3
53,5.547,36,1,1,full,2,124,35,36,1,1,72,36,36,37
54,4.877,32,1,1,sparse,3,125,31,32,1,1,96,32,32,33
55,10.394,74,1,1,full,3,126,73,74,1,1,222,74,74,75
56,0.942,6,1,1,full,2,127,5,6,1,1,12,6,6,7
57,1.249,41,2,1,random,2,131,4,6,2,2,12,6,6,9
58,6.94,53,1,1,full,1,132,52,53,1,1,53,53,53,54
59,7.734,64,2,2,random,3,133,15,35,2,7,105,35,35,52
60,9.266,62,1,1,full,3,134,61,62,1,1,186,62,62,63
61,9.023,86,2,2,random,2,135,15,48,2,8,96,48,48,69
62,1.41,74,2,1,random,2,136,3,6,2,2,12,6,6,10
63,0.259,10,1,1,random,1,137,0,1,0,1,1,1,1,2
64,0.375,1,2,1,sparse,2,139,0,1,0,1,2,1,1,2
65,0.263,99,1,1,random,1,140,0,1,0,1,1,1,1,2
66,9.541,67,1,1,full,3,141,66,67,1,1,201,67,67,68
67,1.133,75,2,1,random,2,142,5,6,1,1,12,6,6,8
68,3.062,24,1,1,full,1,143,23,24,1,1,24,24,24,25
69,8.39,58,1,1,full,3,144,57,58,1,1,174,58,58,59
70,22.135,97,2,1,random,1,145,32,115,2,31,115,115,115,173
71,2.374,18,1,1,full,1,146,17,18,1,1,18,18,18,19
72,0.888,78,1,1,random,3,147,3,4,1,1,12,4,4,5
73,0.364,52,1,1,random,2,148,0,1,0,1,2,1,1,2
74,0.261,10,1,1,random,1,149,0,1,0,1,1,1,1,2
75,4.435,91,2,1,random,2,151,11,23,2,5,46,23,23,35
76,0.612,97,2,1,random,1,152,2,3,1,1,3,3,3,6
77,0.371,63,1,1,random,3,153,0,1,0,1,3,1,1,2
78,1.018,63,2,1,random,1,156,3,4,1,1,4,4,4,7
79,11.36,88,1,1,full,2,158,87,88,1,1,176,88,88,89
80,7.262,51,1,1,full,3,159,50,51,1,1,153,51,51,52
81,9.59,67,1,1,full,3,161,66,67,1,1,201,67,67,68
82,0.246,7,1,1,random,2,162,0,1,0,1,2,1,1,2
83,1.19,70,2,1,random,2,163,3,5,2,2,10,5,5,8
84,1.783,13,2,2,random,2,164,7,10,2,2,20,10,10,13
85,0.58,3,1,1,full,2,165,2,3,1,1,6,3,3,4
86,0.333,30,1,1,random,2,167,0,1,0,1,2,1,1,2
87,0.427,96,1,1,random,1,168,2,3,1,1,3,3,3,4
88,4.674,33,1,1,sparse,2,169,32,33,1,1,66,33,33,34
89,0.289,46,1,1,random,2,172,0,1,0,1,2,1,1,2
90,0.327,1,2,1,random,2,174,0,1,0,1,2,1,1,2
91,8.214,57,1,1,sparse,3,175,56,57,1,1,171,57,57,58
92,0.648,4,1,1,full,2,176,3,4,1,1,8,4,4,5
93,1.891,15,2,1,random,3,178,7,9,2,2,27,9,9,13
94,3.944,26,1,1,full,3,179,25,26,1,1,78,26,26,27
95,2.446,19,1,1,sparse,2,180,18,19,1,1,38,19,19,20
96,0.256,75,1,1,random,2,181,0,1,0,1,2,1,1,2
97,0.377,14,1,1,random,2,183,0,1,0,1,2,1,1,2
98,5.253,36,1,1,sparse,3,184,35,36,1,1,108,36,36,37
99,0.317,15,1,1,random,3,185,0,1,0,1,3,1,1,2
100,11.092,91,1,1,full,1,188,90,91,1,1,91,91,91,92
101,0.307,10,1,1,random,1,190,0,1,0,1,1,1,1,2
102,14.292,98,1,1,sparse,3,191,97,98,1,1,294,98,98,99
103,1.584,48,2,1,random,2,192,8,10,2,2,20,10,10,13
104,1.634,72,2,1,random,3,193,4,6,2,2,18,6,6,10
105,0.349,78,1,1,random,2,194,0,1,0,1,2,1,1,2
106,0.316,84,1,1,random,3,196,0,1,0,1,3,1,1,2
107,8.659,70,1,1,full,1,197,69,70,1,1,70,70,70,71
108,8.071,7,2,1,sparse,3,198,6,38,2,14,114,38,38,59
109,1.085,6,1,1,full,3,200,5,6,1,1,18,6,6,7
110,1.617,98,2,2,random,1,202,4,9,2,3,9,9,9,13
111,1.867,12,1,1,sparse,1,203,11,12,1,1,12,12,12,13
112,7.146,51,1,1,full,2,204,50,51,1,1,102,51,51,52
113,0.429,2,1,1,sparse,1,206,1,2,1,1,2,2,2,3
114,9.756,65,1,1,full,3,207,64,65,1,1,195,65,65,66
115,5.401,36,1,1,sparse,3,208,35,36,1,1,108,36,36,37
116,9.408,72,1,1,sparse,2,209,71,72,1,1,144,72,72,73
117,7.297,50,1,1,full,3,210,49,50,1,1,150,50,50,51
118,0.258,51,1,1,random,3,212,0,1,0,1,3,1,1,2
119,0.437,20,2,1,random,1,213,1,2,1,1,2,2,2,3
120,1.694,67,2,2,random,3,214,5,8,2,3,24,8,8,12
121,1.066,6,2,1,random,1,215,2,4,2,2,4,4,4,6
122,0.316,27,1,1,random,1,216,0,1,0,1,1,1,1,2
123,0.242,37,1,1,random,3,217,0,1,0,1,3,1,1,2
124,5.524,39,1,1,sparse,2,218,38,39,1,1,78,39,39,40
125,2.071,90,2,1,random,3,219,9,10,1,1,30,10,10,15
126,0.222,96,1,1,random,2,220,0,1,0,1,2,1,1,2
127,0.413,32,2,1,random,2,221,1,2,1,1,4,2,2,3
128,0.284,100,1,1,random,2,222,0,1,0,1,2,1,1,2
129,1.544,9,1,1,full,3,224,8,9,1,1,27,9,9,10
130,13.173,90,1,1,sparse,3,225,89,90,1,1,270,90,90,91
131,8.817,62,1,1,full,2,226,61,62,1,1,124,62,62,63
132,1.199,52,2,1,random,1,227,3,7,2,3,7,7,7,11
133,13.725,97,1,1,full,2,228,96,97,1,1,194,97,97,98
134,9.323,68,1,1,sparse,2,229,67,68,1,1,136,68,68,69
135,14.0,91,1,1,sparse,3,230,90,91,1,1,273,91,91,92
136,0.271,3,1,1,random,3,231,0,1,0,1,3,1,1,2
137,5.002,36,1,1,full,1,232,35,36,1,1,36,36,36,37
138,0.338,88,1,1,random,3,233,0,1,0,1,3,1,1,2
139,5.612,45,1,1,full,1,235,44,45,1,1,45,45,45,46
140,7.018,48,1,1,sparse,3,238,47,48,1,1,144,48,48,49
141,0.262,16,1,1,random,1,239,0,1,0,1,1,1,1,2
142,0.376,79,1,1,random,1,240,0,1,0,1,1,1,1,2
143,12.77,89,1,1,sparse,3,241,88,89,1,1,267,89,89,90
144,6.564,43,1,1,sparse,3,242,42,43,1,1,129,43,43,44
145,0.8,59,2,1,random,2,247,2,4,2,2,8,4,4,6
146,12.827,100,1,1,sparse,1,252,99,100,1,1,100,100,100,101
147,5.142,8,2,1,random,3,255,7,23,2,7,69,23,23,35
148,1.224,63,2,2,random,2,256,4,7,2,2,14,7,7,9
149,3.849,41,2,1,random,3,257,9,15,2,5,45,15,15,26
150,11.922,84,1,1,sparse,2,258,83,84,1,1,168,84,84,85
151,0.88,6,1,1,sparse,2,259,5,6,1,1,12,6,6,7
152,4.325,27,1,1,sparse,3,260,26,27,1,1,81,27,27,28
153,8.338,56,1,1,full,3,261,55,56,1,1,168,56,56,57
154,9.844,41,2,2,random,2,262,20,49,2,11,98,49,49,73
155,2.661,51,2,2,random,3,265,5,11,2,3,33,11,11,17
156,1.171,9,1,1,sparse,1,266,8,9,1,1,9,9,9,10
157,0.282,26,1,1,random,1,267,0,1,0,1,1,1,1,2
158,0.511,97,2,1,random,1,268,1,2,1,1,2,2,2,4
159,0.923,6,1,1,sparse,2,269,5,6,1,1,12,6,6,7
160,3.669,25,1,1,sparse,3,273,24,25,1,1,75,25,25,26
161,0.719,19,2,2,random,1,274,3,4,1,1,4,4,4,5
162,13.1,98,1,1,sparse,2,275,97,98,1,1,196,98,98,99
163,0.237,48,1,1,random,2,276,0,1,0,1,2,1,1,2
164,1.599,12,1,1,sparse,1,277,11,12,1,1,12,12,12,13
165,0.853,53,2,1,random,1,279,1,3,2,2,3,3,3,5
166,2.309,3,2,2,full,2,281,2,7,2,4,14,7,7,15
167,12.406,86,1,1,sparse,3,282,85,86,1,1,258,86,86,87
168,12.873,93,1,1,sparse,2,283,92,93,1,1,186,93,93,94
169,8.719,5,2,2,full,2,284,4,31,2,16,62,31,31,63
170,7.869,63,1,1,sparse,1,286,62,63,1,1,63,63,63,64
171,0.511,72,1,1,random,1,287,2,3,1,1,3,3,3,4
172,5.312,37,2,2,random,1,288,13,31,2,8,31,31,31,45
173,52.008,85,2,1,random,3,291,40,228,2,43,684,228,228,356
174,14.892,99,1,1,full,3,292,98,99,1,1,297,99,99,100
175,3.529,23,1,1,full,3,294,22,23,1,1,69,23,23,24
176,0.355,27,1,1,random,3,298,0,1,0,1,3,1,1,2
177,0.298,47,1,1,random,3,299,0,1,0,1,3,1,1,2
178,1.04,5,1,1,full,3,303,4,5,1,1,15,5,5,6
179,2.908,18,1,1,sparse,2,304,17,18,1,1,36,18,18,19
180,6.754,56,1,1,sparse,1,306,55,56,1,1,56,56,56,57
181,0.253,24,1,1,random,2,308,0,1,0,1,2,1,1,2
182,9.744,71,1,1,sparse,2,310,70,71,1,1,142,71,71,72
183,24.655,34,2,1,random,2,311,33,119,2,30,238,119,119,184
184,12.386,84,1,1,full,3,312,83,84,1,1,252,84,84,85
185,0.525,73,1,1,random,1,313,2,3,1,1,3,3,3,4
186,0.625,4,1,1,full,1,316,3,4,1,1,4,4,4,5
187,7.668,60,1,1,full,1,317,59,60,1,1,60,60,60,61
188,0.673,90,1,1,random,2,318,3,4,1,1,8,4,4,5
189,3.166,23,1,1,sparse,1,319,22,23,1,1,23,23,23,24
190,8.148,58,1,1,sparse,2,320,57,58,1,1,116,58,58,59
191,4.102,36,2,1,random,3,321,11,19,2,4,57,19,19,27
192,12.471,94,1,1,sparse,2,323,93,94,1,1,188,94,94,95
193,10.742,76,1,1,full,3,324,75,76,1,1,228,76,76,77
194,10.442,71,1,1,sparse,3,325,70,71,1,1,213,71,71,72
195,7.517,83,2,2,random,1,328,16,41,2,8,41,41,41,61
196,0.309,80,1,1,random,3,330,0,1,0,1,3,1,1,2
197,2.82,19,1,1,sparse,2,335,18,19,1,1,38,19,19,20
198,0.353,1,1,1,sparse,2,336,0,1,0,1,2,1,1,2
199,0.783,15,2,2,random,2,338,4,5,1,1,10,5,5,6
200,2.799,19,1,1,full,3,339,18,19,1,1,57,19,19,20
201,7.429,52,1,1,sparse,2,340,51,52,1,1,104,52,52,53
202,2.335,16,1,1,full,1,342,15,16,1,1,16,16,16,17
203,0.541,25,2,1,random,3,343,1,2,1,1,6,2,2,3
204,16.136,49,2,1,random,3,344,21,77,2,18,231,77,77,114
205,10.286,72,1,1,sparse,2,346,71,72,1,1,144,72,72,73
206,2.019,45,2,2,random,1,347,6,10,2,3,10,10,10,15
207,5.697,41,1,1,full,2,348,40,41,1,1,82,41,41,42
208,6.787,47,1,1,sparse,2,350,46,47,1,1,94,47,47,48
209,5.041,37,1,1,sparse,2,352,36,37,1,1,74,37,37,38
210,2.007,13,1,1,sparse,1,353,12,13,1,1,13,13,13,14
211,3.658,28,1,1,sparse,1,354,27,28,1,1,28,28,28,29
212,0.333,21,1,1,random,1,355,0,1,0,1,1,1,1,2
213,0.966,84,1,1,random,2,356,6,7,1,1,14,7,7,8
214,0.385,98,1,1,random,3,358,0,1,0,1,3,1,1,2
215,0.618,79,1,1,random,2,361,3,4,1,1,8,4,4,5
216,13.035,100,1,1,sparse,1,363,99,100,1,1,100,100,100,101
217,0.258,1,1,1,full,1,364,0,1,0,1,1,1,1,2
218,2.668,87,2,1,random,3,365,9,10,1,1,30,10,10,18
219,0.992,5,2,1,random,1,367,3,5,2,2,5,5,5,8
220,8.585,62,1,1,full,1,368,61,62,1,1,62,62,62,63
221,0.754,5,1,1,sparse,1,373,4,5,1,1,5,5,5,6
222,6.268,43,1,1,full,3,374,42,43,1,1,129,43,43,44
223,2.13,87,2,2,random,1,376,4,10,2,3,10,10,10,15
224,4.228,31,1,1,full,1,377,30,31,1,1,31,31,31,32
225,1.956,3,2,2,sparse,2,378,2,7,2,4,14,7,7,15
226,0.738,4,1,1,sparse,3,379,3,4,1,1,12,4,4,5
227,0.335,8,2,1,random,1,382,1,2,1,1,2,2,2,3
228,7.19,57,1,1,full,1,387,56,57,1,1,57,57,57,58
229,8.607,73,1,1,full,1,390,72,73,1,1,73,73,73,74
230,8.547,64,1,1,sparse,1,391,63,64,1,1,64,64,64,65
231,3.991,31,1,1,sparse,1,394,30,31,1,1,31,31,31,32
232,32.211,7,2,2,sparse,1,396,6,127,2,64,127,127,127,255
233,0.388,16,1,1,random,3,397,0,1,0,1,3,1,1,2
234,0.779,5,1,1,sparse,1,399,4,5,1,1,5,5,5,6
235,0.344,64,1,1,random,3,401,0,1,0,1,3,1,1,2
236,0.262,63,1,1,random,2,402,0,1,0,1,2,1,1,2
237,25.616,12,2,1,sparse,1,404,11,140,2,43,140,140,140,206
238,1.005,6,1,1,full,3,405,5,6,1,1,18,6,6,7
239,11.285,85,1,1,sparse,2,407,84,85,1,1,170,85,85,86
240,4.276,28,1,1,full,3,411,27,28,1,1,84,28,28,29
241,5.197,37,1,1,full,1,412,36,37,1,1,37,37,37,38
242,0.635,100,2,1,random,1,415,1,2,1,1,2,2,2,4
243,4.484,33,1,1,sparse,2,416,32,33,1,1,66,33,33,34
244,10.717,77,1,1,sparse,2,417,76,77,1,1,154,77,77,78
245,0.656,42,2,1,random,1,418,1,3,2,2,3,3,3,5
246,0.246,80,1,1,random,2,419,0,1,0,1,2,1,1,2
247,0.922,4,2,2,random,1,420,3,5,2,2,5,5,5,7
248,2.065,50,2,1,random,3,422,5,9,2,3,27,9,9,14
249,5.367,42,1,1,full,2,423,41,42,1,1,84,42,42,43
250,0.386,54,1,1,random,1,425,0,1,0,1,1,1,1,2
251,4.639,33,1,1,full,3,428,32,33,1,1,99,33,33,34
252,0.344,77,1,1,random,1,429,0,1,0,1,1,1,1,2
253,4.268,35,1,1,full,1,430,34,35,1,1,35,35,35,36
254,5.7,38,1,1,full,3,431,37,38,1,1,114,38,38,39
255,0.906,75,2,1,random,2,432,3,4,1,1,8,4,4,7
256,0.332,47,1,1,random,3,434,0,1,0,1,3,1,1,2
257,4.299,27,1,1,sparse,3,438,26,27,1,1,81,27,27,28
258,38.104,52,2,2,random,2,439,51,189,2,46,378,189,189,281
259,0.215,16,1,1,random,1,440,0,1,0,1,1,1,1,2
260,5.42,23,2,1,random,1,441,12,26,2,5,26,26,26,40
261,2.212,47,2,2,random,2,442,7,13,2,3,26,13,13,18
262,13.52,97,1,1,sparse,3,443,96,97,1,1,291,97,97,98
263,24.846,40,2,1,random,2,444,39,119,2,27,238,119,119,181
264,8.231,62,1,1,full,2,446,61,62,1,1,124,62,62,63
265,0.36,53,1,1,random,3,447,0,1,0,1,3,1,1,2
266,0.366,36,1,1,random,1,448,0,1,0,1,1,1,1,2
267,3.791,25,1,1,sparse,2,449,24,25,1,1,50,25,25,26
268,0.744,13,2,1,random,1,450,3,4,1,1,4,4,4,6
269,0.815,6,1,1,sparse,2,451,5,6,1,1,12,6,6,7
270,20.797,44,2,2,random,1,452,32,119,2,26,119,119,119,172
271,12.773,93,1,1,sparse,3,455,92,93,1,1,279,93,93,94
272,2.251,96,2,2,random,2,456,9,14,2,3,28,14,14,21
273,12.801,97,1,1,sparse,2,457,96,97,1,1,194,97,97,98
274,10.239,84,1,1,sparse,1,459,83,84,1,1,84,84,84,85
275,10.141,39,2,1,random,3,460,15,47,2,12,141,47,47,70
276,9.363,76,1,1,sparse,1,462,75,76,1,1,76,76,76,77
277,4.91,35,1,1,full,2,464,34,35,1,1,70,35,35,36
278,3.539,25,1,1,sparse,1,465,24,25,1,1,25,25,25,26
279,1.024,7,1,1,full,1,466,6,7,1,1,7,7,7,8
280,2.938,34,2,2,random,3,469,7,12,2,3,36,12,12,20
281,18.083,6,2,1,full,3,470,5,63,2,32,189,63,63,127
282,11.596,87,1,1,sparse,2,471,86,87,1,1,174,87,87,88
283,2.659,20,1,1,full,3,472,19,20,1,1,60,20,20,21
284,1.189,9,1,1,full,2,474,8,9,1,1,18,9,9,10
285,1.282,9,1,1,sparse,2,475,8,9,1,1,18,9,9,10
286,3.776,79,2,1,random,3,477,10,14,2,3,42,14,14,23
287,5.351,42,1,1,sparse,1,478,41,42,1,1,42,42,42,43
288,6.99,54,1,1,full,1,479,53,54,1,1,54,54,54,55
289,0.59,74,1,1,random,1,484,2,3,1,1,3,3,3,4
290,0.329,18,1,1,random,2,485,0,1,0,1,2,1,1,2
291,0.308,23,1,1,random,1,486,0,1,0,1,1,1,1,2
292,10.844,15,2,2,random,3,488,14,55,2,12,165,55,55,77
293,0.496,79,1,1,random,1,492,2,3,1,1,3,3,3,4
294,36.271,33,2,2,random,3,493,32,164,2,41,492,164,164,252
295,11.966,81,1,1,full,3,494,80,81,1,1,243,81,81,82
296,10.677,88,1,1,sparse,1,495,87,88,1,1,88,88,88,89
297,4.914,34,1,1,full,2,497,33,34,1,1,68,34,34,35
298,0.303,15,1,1,random,3,499,0,1,0,1,3,1,1,2
299,3.062,22,1,1,sparse,1,503,21,22,1,1,22,22,22,23
300,15.665,20,2,2,random,2,505,19,80,2,18,160,80,80,119
301,3.169,97,2,2,random,3,506,9,14,2,3,42,14,14,21
302,8.381,62,1,1,sparse,1,507,61,62,1,1,62,62,62,63
303,0.544,88,2,2,random,1,510,2,3,1,1,3,3,3,5
304,0.436,3,2,1,random,2,512,1,2,1,1,4,2,2,3
305,0.505,3,1,1,sparse,1,513,2,3,1,1,3,3,3,4
306,6.878,46,1,1,full,2,514,45,46,1,1,92,46,46,47
307,12.832,94,1,1,full,2,516,93,94,1,1,188,94,94,95
308,1.782,56,2,1,random,1,517,5,9,2,3,9,9,9,15
309,0.499,78,2,1,random,1,519,1,2,1,1,2,2,2,4
310,0.233,2,1,1,random,1,520,0,1,0,1,1,1,1,2
311,0.254,13,1,1,random,2,521,0,1,0,1,2,1,1,2
312,1.643,10,1,1,sparse,1,522,9,10,1,1,10,10,10,11
313,0.269,29,1,1,random,2,524,0,1,0,1,2,1,1,2
314,10.06,70,1,1,full,3,525,69,70,1,1,210,70,70,71
315,2.819,20,1,1,full,2,526,19,20,1,1,40,20,20,21
316,5.511,56,2,1,random,1,527,12,28,2,6,28,28,28,42
317,2.054,8,2,1,random,2,528,7,9,2,2,18,9,9,15
318,12.235,84,1,1,sparse,3,529,83,84,1,1,252,84,84,85
319,6.166,43,1,1,sparse,2,530,42,43,1,1,86,43,43,44
320,13.302,94,1,1,sparse,2,531,93,94,1,1,188,94,94,95
321,0.364,27,1,1,random,2,532,0,1,0,1,2,1,1,2
322,0.21,49,1,1,random,2,533,0,1,0,1,2,1,1,2
323,6.752,55,1,1,sparse,1,534,54,55,1,1,55,55,55,56
324,12.599,96,1,1,sparse,2,536,95,96,1,1,192,96,96,97
325,0.6,35,2,1,random,1,538,1,3,2,2,3,3,3,5
326,5.717,38,1,1,full,3,539,37,38,1,1,114,38,38,39
327,6.668,79,2,1,random,2,540,15,35,2,9,70,35,35,53
328,0.266,46,1,1,random,1,541,0,1,0,1,1,1,1,2
329,0.232,62,1,1,random,1,542,0,1,0,1,1,1,1,2
330,0.429,83,1,1,random,3,543,0,1,0,1,3,1,1,2
331,4.521,86,2,1,random,3,544,10,22,2,5,66,22,22,33
332,0.231,28,1,1,random,1,545,0,1,0,1,1,1,1,2
333,0.323,2,2,2,random,1,546,1,2,1,1,2,2,2,3
334,0.343,6,1,1,random,2,547,0,1,0,1,2,1,1,2
335,0.938,5,1,1,full,2,548,4,5,1,1,10,5,5,6
336,12.023,83,1,1,full,3,549,82,83,1,1,249,83,83,84
337,7.927,66,1,1,full,1,551,65,66,1,1,66,66,66,67
338,0.393,3,1,1,sparse,1,552,2,3,1,1,3,3,3,4
339,8.441,61,1,1,full,2,553,60,61,1,1,122,61,61,62
340,0.642,66,2,1,random,1,554,1,2,1,1,2,2,2,4
341,0.281,4,1,1,random,3,557,0,1,0,1,3,1,1,2
342,0.66,2,2,2,random,3,559,1,2,1,1,6,2,2,4
343,13.313,98,1,1,sparse,2,560,97,98,1,1,196,98,98,99
344,10.151,76,1,1,sparse,2,561,75,76,1,1,152,76,76,77
345,5.073,38,1,1,full,2,564,37,38,1,1,76,38,38,39
346,6.689,82,2,2,random,3,565,16,29,2,6,87,29,29,42
347,1.105,63,2,1,random,1,566,2,5,2,3,5,5,5,8
348,1.875,14,1,1,sparse,2,568,13,14,1,1,28,14,14,15
349,10.658,80,1,1,full,2,569,79,80,1,1,160,80,80,81
350,0.242,10,1,1,random,1,570,0,1,0,1,1,1,1,2
351,1.901,28,2,2,random,3,572,8,9,1,1,27,9,9,13
352,5.421,40,1,1,full,2,574,39,40,1,1,80,40,40,41
353,5.821,40,1,1,full,2,575,39,40,1,1,80,40,40,41
354,2.485,51,2,1,random,2,577,5,12,2,3,24,12,12,18
355,0.287,92,1,1,random,2,581,0,1,0,1,2,1,1,2
356,0.2,27,1,1,random,1,582,0,1,0,1,1,1,1,2
357,8.609,69,1,1,sparse,1,583,68,69,1,1,69,69,69,70
358,0.276,8,1,1,random,3,585,0,1,0,1,3,1,1,2
359,4.348,16,2,1,random,3,589,13,18,2,3,54,18,18,28
360,0.225,4,1,1,random,2,590,0,1,0,1,2,1,1,2
361,0.542,71,2,1,random,1,591,2,3,1,1,3,3,3,6
362,0.986,17,2,1,random,1,594,4,5,1,1,5,5,5,8
363,7.038,52,1,1,full,1,596,51,52,1,1,52,52,52,53
364,0.218,13,1,1,random,1,597,0,1,0,1,1,1,1,2
365,4.854,13,2,1,random,2,598,12,23,2,5,46,23,23,34
366,12.428,91,1,1,full,3,599,90,91,1,1,273,91,91,92
367,0.273,25,1,1,random,3,601,0,1,0,1,3,1,1,2
368,7.36,52,1,1,sparse,3,602,51,52,1,1,156,52,52,53
369,0.333,9,1,1,random,3,604,0,1,0,1,3,1,1,2
370,13.324,95,1,1,sparse,2,606,94,95,1,1,190,95,95,96
371,12.416,90,1,1,full,2,607,89,90,1,1,180,90,90,91
372,2.723,17,1,1,sparse,3,608,16,17,1,1,51,17,17,18
373,1.872,57,2,2,random,2,610,5,9,2,2,18,9,9,13
374,3.972,29,1,1,full,2,612,28,29,1,1,58,29,29,30
375,5.155,36,1,1,sparse,2,613,35,36,1,1,72,36,36,37
376,5.427,33,1,1,full,3,614,32,33,1,1,99,33,33,34
377,1.45,4,2,1,random,3,616,3,6,2,2,18,6,6,10
378,1.964,89,2,2,random,2,617,6,11,2,3,22,11,11,16
379,7.713,59,1,1,full,2,618,58,59,1,1,118,59,59,60
380,0.354,66,1,1,random,3,619,0,1,0,1,3,1,1,2
381,29.818,41,2,2,random,3,621,38,146,2,33,438,146,146,213
382,5.058,38,1,1,sparse,2,622,37,38,1,1,76,38,38,39
383,17.168,6,2,1,full,2,623,5,63,2,32,126,63,63,127
384,3.516,25,1,1,full,2,624,24,25,1,1,50,25,25,26
385,20.546,53,2,1,random,2,625,43,100,2,23,200,100,100,151
386,6.769,47,1,1,full,3,626,46,47,1,1,141,47,47,48
387,4.586,33,1,1,full,1,627,32,33,1,1,33,33,33,34
388,0.358,51,1,1,random,1,628,0,1,0,1,1,1,1,2
389,30.612,7,2,2,sparse,1,629,6,127,2,64,127,127,127,255
390,8.256,59,1,1,sparse,2,630,58,59,1,1,118,59,59,60
391,6.401,47,1,1,full,2,632,46,47,1,1,94,47,47,48
392,0.295,6,2,1,random,1,633,1,2,1,1,2,2,2,3
393,2.159,17,1,1,sparse,2,634,16,17,1,1,34,17,17,18
394,3.486,45,2,2,random,2,635,7,17,2,5,34,17,17,26
395,3.554,26,1,1,sparse,3,636,25,26,1,1,78,26,26,27
396,7.641,63,1,1,full,1,637,62,63,1,1,63,63,63,64
397,10.954,81,1,1,sparse,2,638,80,81,1,1,162,81,81,82
398,2.589,91,2,1,random,1,639,3,10,2,4,10,10,10,18
399,2.11,3,2,1,full,2,640,2,7,2,4,14,7,7,15
400,0.333,49,1,1,random,2,641,0,1,0,1,2,1,1,2
401,3.719,26,1,1,full,2,645,25,26,1,1,52,26,26,27
402,1.306,85,2,1,random,2,647,4,7,2,2,14,7,7,10
403,10.398,83,1,1,sparse,1,648,82,83,1,1,83,83,83,84
404,0.227,46,1,1,random,3,649,0,1,0,1,3,1,1,2
405,0.383,41,1,1,random,2,650,0,1,0,1,2,1,1,2
406,0.828,6,1,1,full,3,651,5,6,1,1,18,6,6,7
407,40.411,95,2,1,random,2,653,73,196,2,41,392,196,196,304
408,0.581,5,1,1,full,1,655,4,5,1,1,5,5,5,6
409,2.439,77,2,2,random,2,657,10,14,2,3,28,14,14,19
410,1.86,3,2,2,full,1,660,2,7,2,4,7,7,7,15
411,11.748,82,1,1,full,2,662,81,82,1,1,164,82,82,83
412,12.744,89,1,1,full,3,663,88,89,1,1,267,89,89,90
413,45.218,92,2,1,random,2,664,47,226,2,55,452,226,226,338
414,0.554,67,1,1,random,1,665,2,3,1,1,3,3,3,4
415,3.7,59,2,2,random,3,666,9,14,2,3,42,14,14,22
416,2.149,14,2,2,random,2,667,7,12,2,2,24,12,12,16
417,0.279,60,1,1,random,1,668,0,1,0,1,1,1,1,2
418,35.586,39,2,1,random,2,669,38,184,2,40,368,184,184,273
419,1.665,73,2,1,random,1,670,6,9,2,2,9,9,9,13
420,9.743,76,1,1,sparse,2,671,75,76,1,1,152,76,76,77
421,0.597,3,1,1,sparse,1,672,2,3,1,1,3,3,3,4
422,0.792,68,2,2,random,1,673,2,3,1,1,3,3,3,5
423,7.164,52,1,1,full,3,674,51,52,1,1,156,52,52,53
424,17.757,27,2,2,random,3,675,26,82,2,21,246,82,82,121
425,4.295,4,2,2,sparse,2,676,3,15,2,8,30,15,15,31
426,10.395,81,1,1,sparse,1,677,80,81,1,1,81,81,81,82
427,0.354,15,2,1,random,1,678,1,2,1,1,2,2,2,3
428,1.252,53,2,1,random,2,681,3,7,2,3,14,7,7,10
429,8.606,68,1,1,sparse,1,682,67,68,1,1,68,68,68,69
430,6.208,51,1,1,full,1,683,50,51,1,1,51,51,51,52
431,5.379,39,1,1,full,2,685,38,39,1,1,78,39,39,40
432,6.377,52,1,1,sparse,1,687,51,52,1,1,52,52,52,53
433,1.279,95,2,2,random,1,688,3,6,2,2,6,6,6,10
434,10.376,78,1,1,full,2,689,77,78,1,1,156,78,78,79
435,4.614,42,2,1,random,3,690,11,19,2,5,57,19,19,32
436,12.473,89,1,1,full,2,691,88,89,1,1,178,89,89,90
437,0.815,4,1,1,sparse,1,692,3,4,1,1,4,4,4,5
438,8.384,62,1,1,full,2,693,61,62,1,1,124,62,62,63
439,6.336,43,1,1,sparse,2,695,42,43,1,1,86,43,43,44
440,3.081,22,1,1,sparse,3,696,21,22,1,1,66,22,22,23
441,2.135,18,1,1,sparse,1,697,17,18,1,1,18,18,18,19
442,11.09,47,2,2,random,1,698,23,62,2,15,62,62,62,91
443,6.035,47,1,1,sparse,1,699,46,47,1,1,47,47,47,48
444,2.941,22,1,1,sparse,1,700,21,22,1,1,22,22,22,23
445,13.422,98,1,1,full,2,702,97,98,1,1,196,98,98,99
446,0.416,7,2,1,random,3,703,1,2,1,1,6,2,2,3
447,2.029,80,2,2,random,2,704,6,11,2,3,22,11,11,16
448,21.994,100,2,1,random,2,705,34,108,2,24,216,108,108,161
449,1.708,3,2,2,sparse,1,707,2,7,2,4,7,7,7,15
450,24.386,49,2,1,random,2,710,32,123,2,22,246,123,123,184
451,10.011,50,2,2,random,3,713,14,44,2,10,132,44,44,70
452,0.226,99,1,1,random,1,714,0,1,0,1,1,1,1,2
453,9.124,66,1,1,full,1,715,65,66,1,1,66,66,66,67
454,0.233,31,1,1,random,1,717,0,1,0,1,1,1,1,2
455,0.234,34,1,1,random,1,718,0,1,0,1,1,1,1,2
456,5.501,36,1,1,sparse,2,719,35,36,1,1,72,36,36,37
457,11.741,96,1,1,sparse,1,720,95,96,1,1,96,96,96,97
458,0.24,79,1,1,random,3,722,0,1,0,1,3,1,1,2
459,0.309,70,1,1,random,1,723,0,1,0,1,1,1,1,2
460,9.945,68,1,1,sparse,3,727,67,68,1,1,204,68,68,69
461,3.434,6,2,1,sparse,1,728,5,19,2,8,19,19,19,31
462,5.892,39,1,1,sparse,3,730,38,39,1,1,117,39,39,40
463,12.43,93,1,1,full,2,731,92,93,1,1,186,93,93,94
464,12.345,85,1,1,sparse,3,732,84,85,1,1,255,85,85,86
465,8.263,55,1,1,sparse,2,735,54,55,1,1,110,55,55,56
466,4.538,33,1,1,full,2,736,32,33,1,1,66,33,33,34
467,0.269,1,1,1,full,1,737,0,1,0,1,1,1,1,2
468,2.756,21,1,1,sparse,1,738,20,21,1,1,21,21,21,22
469,9.163,74,1,1,full,1,740,73,74,1,1,74,74,74,75
470,0.393,29,1,1,random,2,741,0,1,0,1,2,1,1,2
471,0.319,55,1,1,random,3,746,0,1,0,1,3,1,1,2
472,0.318,39,1,1,random,2,747,0,1,0,1,2,1,1,2
473,0.268,10,1,1,random,2,748,0,1,0,1,2,1,1,2
474,0.79,97,1,1,random,3,751,3,4,1,1,12,4,4,5
475,0.544,67,1,1,random,1,752,2,3,1,1,3,3,3,4
476,0.9,98,2,1,random,3,753,2,3,1,1,9,3,3,6
477,7.64,67,2,2,random,1,755,22,39,2,7,39,39,39,58
478,6.767,51,1,1,full,2,757,50,51,1,1,102,51,51,52
479,5.892,43,1,1,sparse,2,758,42,43,1,1,86,43,43,44
480,1.187,8,1,1,full,2,759,7,8,1,1,16,8,8,9
481,2.441,18,1,1,full,1,760,17,18,1,1,18,18,18,19
482,4.349,29,1,1,sparse,2,761,28,29,1,1,58,29,29,30
483,0.65,82,2,1,random,1,762,1,2,1,1,2,2,2,4
484,9.866,80,1,1,full,1,763,79,80,1,1,80,80,80,81
485,0.371,86,1,1,random,3,764,0,1,0,1,3,1,1,2
486,0.49,5,2,1,random,2,765,1,2,1,1,4,2,2,3
487,0.301,36,1,1,random,2,766,0,1,0,1,2,1,1,2
488,12.675,93,1,1,sparse,2,767,92,93,1,1,186,93,93,94
489,0.505,12,2,2,random,1,768,3,4,1,1,4,4,4,5
490,0.464,2,1,1,sparse,2,769,1,2,1,1,4,2,2,3
491,8.181,49,1,1,full,3,770,48,49,1,1,147,49,49,50
492,0.382,49,1,1,random,2,771,0,1,0,1,2,1,1,2
493,5.13,39,1,1,sparse,2,774,38,39,1,1,78,39,39,40
494,8.453,63,1,1,sparse,2,775,62,63,1,1,126,63,63,64
495,4.909,58,2,1,random,1,776,13,26,2,7,26,26,26,44
496,25.148,30,2,2,random,3,777,29,115,2,29,345,115,115,174
497,0.372,6,2,1,random,3,778,1,2,1,1,6,2,2,3
498,9.749,73,1,1,sparse,1,779,72,73,1,1,73,73,73,74
499,1.621,26,2,1,random,1,780,5,9,2,3,9,9,9,14
500,3.861,28,1,1,full,2,781,27,28,1,1,56,28,28,29
501,1.888,86,1,1,random,3,782,10,11,1,1,33,11,11,12
502,0.295,71,1,1,random,2,783,0,1,0,1,2,1,1,2
503,7.555,56,1,1,full,2,784,55,56,1,1,112,56,56,57
504,0.346,66,1,1,random,3,785,0,1,0,1,3,1,1,2
505,6.333,48,1,1,sparse,1,786,47,48,1,1,48,48,48,49
506,0.598,76,2,1,random,1,788,1,2,1,1,2,2,2,4
507,8.197,62,1,1,full,2,789,61,62,1,1,124,62,62,63
508,9.865,87,1,1,full,1,791,86,87,1,1,87,87,87,88
509,2.257,74,2,1,random,3,792,4,8,2,3,24,8,8,15
510,0.238,40,1,1,random,2,794,0,1,0,1,2,1,1,2
511,3.077,86,2,1,random,2,800,7,17,2,4,34,17,17,25
512,1.983,14,1,1,full,2,801,13,14,1,1,28,14,14,15
513,0.741,71,1,1,random,2,802,3,4,1,1,8,4,4,5
514,2.121,14,1,1,sparse,2,803,13,14,1,1,28,14,14,15
515,0.896,62,2,1,random,1,804,2,4,2,2,4,4,4,7
516,9.309,64,1,1,sparse,2,805,63,64,1,1,128,64,64,65
517,8.215,59,1,1,sparse,2,806,58,59,1,1,118,59,59,60
518,6.166,48,1,1,full,2,807,47,48,1,1,96,48,48,49
519,5.061,7,2,1,sparse,2,809,6,25,2,8,50,25,25,36
520,1.534,12,1,1,full,1,811,11,12,1,1,12,12,12,13
521,1.439,5,2,2,random,3,812,4,8,2,3,24,8,8,12
522,0.235,17,1,1,random,2,813,0,1,0,1,2,1,1,2
523,11.235,77,1,1,full,3,814,76,77,1,1,231,77,77,78
524,0.476,2,2,1,sparse,2,815,1,2,1,1,4,2,2,4
525,0.252,21,1,1,random,1,816,0,1,0,1,1,1,1,2
526,0.299,47,1,1,random,2,819,0,1,0,1,2,1,1,2
527,0.624,73,2,2,random,1,821,2,3,1,1,3,3,3,5
528,5.887,44,1,1,full,3,823,43,44,1,1,132,44,44,45
529,9.915,83,1,1,full,1,824,82,83,1,1,83,83,83,84
530,0.685,71,2,2,random,1,826,2,3,1,1,3,3,3,5
531,4.3,26,1,1,full,3,828,25,26,1,1,78,26,26,27
532,0.331,14,1,1,random,2,830,0,1,0,1,2,1,1,2
533,3.757,94,2,1,random,3,832,7,15,2,4,45,15,15,23
534,4.458,38,1,1,sparse,1,834,37,38,1,1,38,38,38,39
535,11.694,79,1,1,full,3,835,78,79,1,1,237,79,79,80
536,6.231,53,1,1,full,1,836,52,53,1,1,53,53,53,54
537,10.301,80,1,1,sparse,1,839,79,80,1,1,80,80,80,81
538,7.793,9,2,1,sparse,1,842,8,44,2,13,44,44,44,63
539,12.381,86,1,1,sparse,3,843,85,86,1,1,258,86,86,87
540,11.999,83,1,1,sparse,3,844,82,83,1,1,249,83,83,84
541,4.979,8,2,1,sparse,1,845,7,29,2,9,29,29,29,44
542,1.756,14,1,1,full,1,846,13,14,1,1,14,14,14,15
543,0.223,1,1,1,random,1,849,0,1,0,1,1,1,1,2
544,3.959,75,2,2,random,2,851,7,19,2,5,38,19,19,30
545,0.778,79,1,1,random,2,852,4,5,1,1,10,5,5,6
546,3.548,28,1,1,sparse,1,856,27,28,1,1,28,28,28,29
547,14.409,62,2,1,random,2,857,15,69,2,15,138,69,69,107
548,9.161,68,1,1,full,2,858,67,68,1,1,136,68,68,69
549,10.355,74,1,1,full,3,859,73,74,1,1,222,74,74,75
550,2.811,18,1,1,full,3,860,17,18,1,1,54,18,18,19
551,8.95,73,1,1,full,1,862,72,73,1,1,73,73,73,74
552,1.03,40,2,1,random,3,864,2,4,2,2,12,4,4,7
553,6.975,52,1,1,sparse,1,865,51,52,1,1,52,52,52,53
554,2.265,16,1,1,full,2,866,15,16,1,1,32,16,16,17
555,0.628,99,1,1,random,1,867,2,3,1,1,3,3,3,4
556,7.35,52,1,1,sparse,3,868,51,52,1,1,156,52,52,53
557,5.694,45,1,1,sparse,1,871,44,45,1,1,45,45,45,46
558,22.732,71,2,1,random,2,872,38,114,2,25,228,114,114,172
559,12.468,19,2,2,random,1,873,18,68,2,19,68,68,68,102
560,0.611,67,1,1,random,1,874,2,3,1,1,3,3,3,4
561,0.678,92,1,1,random,2,876,3,4,1,1,8,4,4,5
562,0.498,29,2,1,random,2,877,1,2,1,1,4,2,2,3
563,1.224,70,2,2,random,2,878,3,5,2,2,10,5,5,8
564,1.975,14,1,1,sparse,3,880,13,14,1,1,42,14,14,15
565,0.486,2,2,1,sparse,3,882,1,2,1,1,6,2,2,4
566,0.348,72,1,1,random,3,883,0,1,0,1,3,1,1,2
567,12.596,87,1,1,full,3,884,86,87,1,1,261,87,87,88
568,0.821,48,2,1,random,2,885,2,4,2,2,8,4,4,6
569,3.688,11,2,2,random,2,888,10,19,2,5,38,19,19,27
570,12.05,82,1,1,full,3,889,81,82,1,1,246,82,82,83
571,1.393,7,2,2,random,3,890,6,7,1,1,21,7,7,10
572,1.902,29,2,1,random,3,892,6,8,2,2,24,8,8,13
573,11.665,83,1,1,full,3,895,82,83,1,1,249,83,83,84
574,0.32,26,1,1,random,3,896,0,1,0,1,3,1,1,2
575,0.299,7,1,1,random,2,897,0,1,0,1,2,1,1,2
576,0.215,54,1,1,random,1,898,0,1,0,1,1,1,1,2
577,0.214,17,1,1,random,1,899,0,1,0,1,1,1,1,2
578,11.529,80,1,1,full,3,900,79,80,1,1,240,80,80,81
579,0.293,6,1,1,random,1,903,0,1,0,1,1,1,1,2
580,0.421,1,2,2,full,3,906,0,1,0,1,3,1,1,3
581,10.065,83,1,1,full,1,908,82,83,1,1,83,83,83,84
582,1.984,13,1,1,sparse,3,913,12,13,1,1,39,13,13,14
583,6.148,8,2,1,sparse,1,914,7,29,2,11,29,29,29,48
584,0.482,23,2,2,random,1,915,3,4,1,1,4,4,4,5
585,12.826,88,1,1,sparse,3,916,87,88,1,1,264,88,88,89
586,14.016,97,1,1,full,3,917,96,97,1,1,291,97,97,98
587,36.583,7,2,1,full,3,922,6,127,2,64,381,127,127,255
588,9.119,62,1,1,sparse,3,923,61,62,1,1,186,62,62,63
589,1.745,12,1,1,sparse,2,925,11,12,1,1,24,12,12,13
590,10.347,82,1,1,full,1,927,81,82,1,1,82,82,82,83
591,4.177,25,1,1,full,3,929,24,25,1,1,75,25,25,26
592,0.902,67,1,1,random,3,930,4,5,1,1,15,5,5,6
593,8.092,67,1,1,full,1,932,66,67,1,1,67,67,67,68
594,8.109,68,1,1,sparse,1,933,67,68,1,1,68,68,68,69
595,7.8,60,1,1,full,1,934,59,60,1,1,60,60,60,61
596,8.867,69,1,1,sparse,2,937,68,69,1,1,138,69,69,70
597,2.019,13,1,1,full,2,939,12,13,1,1,26,13,13,14
598,7.499,51,1,1,sparse,2,942,50,51,1,1,102,51,51,52
599,8.842,70,1,1,sparse,1,943,69,70,1,1,70,70,70,71
600,0.973,2,2,2,full,2,944,1,3,2,2,6,3,3,7
601,1.625,5,2,2,random,2,946,4,7,2,2,14,7,7,10
602,6.623,44,2,2,random,3,949,12,32,2,7,96,32,32,45
603,3.526,28,1,1,full,2,950,27,28,1,1,56,28,28,29
604,0.829,97,1,1,random,2,951,3,4,1,1,8,4,4,5
605,2.021,15,1,1,full,1,952,14,15,1,1,15,15,15,16
606,0.34,1,1,1,sparse,2,953,0,1,0,1,2,1,1,2
607,3.398,23,1,1,sparse,3,954,22,23,1,1,69,23,23,24
608,13.454,86,2,2,random,3,955,24,64,2,13,192,64,64,93
609,30.77,88,2,1,random,3,956,73,144,2,30,432,144,144,216
610,0.336,60,1,1,random,2,957,0,1,0,1,2,1,1,2
611,4.888,42,2,1,random,2,958,11,23,2,7,46,23,23,35
612,8.361,61,1,1,sparse,2,959,60,61,1,1,122,61,61,62
613,0.211,50,1,1,random,3,960,0,1,0,1,3,1,1,2
614,0.29,83,1,1,random,3,961,0,1,0,1,3,1,1,2
615,16.332,30,2,2,random,3,965,29,78,2,19,234,78,78,117
616,1.642,5,2,2,random,2,966,4,8,2,3,16,8,8,11
617,0.295,68,1,1,random,3,967,0,1,0,1,3,1,1,2
618,6.422,49,1,1,full,3,969,48,49,1,1,147,49,49,50
619,5.194,37,1,1,sparse,3,970,36,37,1,1,111,37,37,38
620,4.302,34,1,1,full,1,971,33,34,1,1,34,34,34,35
621,12.006,94,1,1,full,2,972,93,94,1,1,188,94,94,95
622,2.685,20,1,1,sparse,2,973,19,20,1,1,40,20,20,21
623,0.242,43,1,1,random,2,974,0,1,0,1,2,1,1,2
624,0.336,64,1,1,random,1,975,0,1,0,1,1,1,1,2
625,0.283,43,1,1,random,3,976,0,1,0,1,3,1,1,2
626,0.533,81,1,1,random,3,977,2,3,1,1,9,3,3,4
627,0.251,76,1,1,random,1,978,0,1,0,1,1,1,1,2
628,7.916,60,1,1,full,2,979,59,60,1,1,120,60,60,61
629,0.262,29,1,1,random,2,981,0,1,0,1,2,1,1,2
630,8.807,65,1,1,full,2,982,64,65,1,1,130,65,65,66
631,11.058,93,1,1,full,1,984,92,93,1,1,93,93,93,94
632,5.727,43,1,1,full,2,985,42,43,1,1,86,43,43,44
633,1.603,16,1,1,full,1,986,15,16,1,1,16,16,16,17
634,9.165,69,1,1,full,2,987,68,69,1,1,138,69,69,70
635,4.88,39,1,1,full,1,988,38,39,1,1,39,39,39,40
636,1.72,11,1,1,sparse,2,989,10,11,1,1,22,11,11,12
637,0.84,65,1,1,random,2,990,4,5,1,1,10,5,5,6
638,1.127,19,2,1,random,2,991,4,5,1,1,10,5,5,7
639,1.134,8,1,1,sparse,2,993,7,8,1,1,16,8,8,9
640,1.155,24,2,1,random,2,995,4,5,1,1,10,5,5,7
641,0.934,60,2,2,random,1,997,3,5,2,2,5,5,5,7
642,0.544,87,1,1,random,1,999,2,3,1,1,3,3,3,4
643,0.942,100,2,1,random,2,1000,3,5,2,2,10,5,5,8
644,1.181,8,1,1,sparse,2,1001,7,8,1,1,16,8,8,9
645,7.202,54,1,1,full,2,1004,53,54,1,1,108,54,54,55
646,0.262,45,1,1,random,1,1006,0,1,0,1,1,1,1,2
647,0.954,5,1,1,sparse,3,1007,4,5,1,1,15,5,5,6
648,3.752,24,1,1,full,3,1009,23,24,1,1,72,24,24,25
649,0.327,86,1,1,random,2,1010,0,1,0,1,2,1,1,2
650,0.683,47,2,1,random,1,1011,1,3,2,2,3,3,3,5
651,0.35,44,1,1,random,1,1012,0,1,0,1,1,1,1,2
652,0.24,66,1,1,random,1,1014,0,1,0,1,1,1,1,2
653,7.814,5,2,1,full,1,1019,4,31,2,16,31,31,31,63
654,0.325,15,1,1,random,3,1020,0,1,0,1,3,1,1,2
655,0.315,68,1,1,random,3,1021,0,1,0,1,3,1,1,2
656,0.707,3,2,2,random,3,1024,2,3,1,1,9,3,3,4
657,3.969,27,1,1,full,2,1025,26,27,1,1,54,27,27,28
658,0.589,4,2,2,random,3,1026,3,4,1,1,12,4,4,5
659,0.515,3,1,1,sparse,2,1027,2,3,1,1,6,3,3,4
660,7.2,8,2,1,sparse,1,1030,7,38,2,14,38,38,38,58
661,0.363,90,1,1,random,2,1031,0,1,0,1,2,1,1,2
662,1.714,50,2,1,random,1,1032,4,9,2,4,9,9,9,14
663,0.562,83,1,1,random,1,1033,2,3,1,1,3,3,3,4
664,0.77,5,1,1,full,2,1034,4,5,1,1,10,5,5,6
665,0.467,98,2,1,random,1,1035,1,2,1,1,2,2,2,4
666,6.423,54,1,1,full,1,1036,53,54,1,1,54,54,54,55
667,2.092,15,1,1,full,1,1038,14,15,1,1,15,15,15,16
668,11.29,87,1,1,sparse,1,1039,86,87,1,1,87,87,87,88
669,5.785,40,1,1,sparse,2,1040,39,40,1,1,80,40,40,41
670,0.301,57,1,1,random,1,1041,0,1,0,1,1,1,1,2
671,4.764,32,1,1,full,2,1042,31,32,1,1,64,32,32,33
672,0.984,75,2,2,random,1,1043,2,4,2,2,4,4,4,7
673,0.672,87,1,1,random,2,1045,3,4,1,1,8,4,4,5
674,1.271,60,2,1,random,2,1046,3,5,2,2,10,5,5,8
675,1.053,11,2,2,random,2,1047,6,7,1,1,14,7,7,8
676,0.894,42,2,2,random,1,1050,4,5,1,1,5,5,5,8
677,0.339,7,1,1,random,3,1051,0,1,0,1,3,1,1,2
678,2.96,20,1,1,full,2,1052,19,20,1,1,40,20,20,21
679,2.243,16,1,1,full,2,1054,15,16,1,1,32,16,16,17
680,1.789,12,1,1,sparse,3,1055,11,12,1,1,36,12,12,13
681,2.275,15,1,1,full,2,1056,14,15,1,1,30,15,15,16
682,0.479,72,1,1,random,1,1057,2,3,1,1,3,3,3,4
683,5.801,39,1,1,full,3,1058,38,39,1,1,117,39,39,40
684,1.093,6,1,1,full,3,1059,5,6,1,1,18,6,6,7
685,4.643,32,1,1,full,3,1060,31,32,1,1,96,32,32,33
686,2.417,15,1,1,sparse,3,1062,14,15,1,1,45,15,15,16
687,3.587,26,1,1,sparse,3,1063,25,26,1,1,78,26,26,27
688,4.063,32,1,1,sparse,1,1064,31,32,1,1,32,32,32,33
689,13.452,89,1,1,full,3,1065,88,89,1,1,267,89,89,90
690,1.121,2,2,2,full,2,1067,1,3,2,2,6,3,3,7
691,3.432,54,2,1,random,3,1068,10,16,2,5,48,16,16,24
692,6.071,46,1,1,full,1,1069,45,46,1,1,46,46,46,47
693,7.121,45,1,1,full,3,1070,44,45,1,1,135,45,45,46
694,6.405,42,1,1,sparse,3,1073,41,42,1,1,126,42,42,43
695,8.223,56,1,1,full,3,1075,55,56,1,1,168,56,56,57
696,0.276,46,1,1,random,3,1076,0,1,0,1,3,1,1,2
697,0.311,87,1,1,random,2,1077,0,1,0,1,2,1,1,2
698,0.337,13,1,1,random,3,1078,0,1,0,1,3,1,1,2
699,0.279,25,1,1,random,3,1082,0,1,0,1,3,1,1,2
700,0.854,28,2,2,random,2,1083,4,5,1,1,10,5,5,6
701,0.589,83,1,1,random,2,1084,3,4,1,1,8,4,4,5
702,0.441,26,1,1,random,1,1087,0,1,0,1,1,1,1,2
703,1.89,69,2,2,random,1,1088,7,12,2,4,12,12,12,17
704,1.533,41,2,2,random,2,1089,6,7,1,1,14,7,7,11
705,0.306,58,1,1,random,3,1090,0,1,0,1,3,1,1,2
706,5.865,47,1,1,sparse,1,1091,46,47,1,1,47,47,47,48
707,3.828,28,1,1,full,3,1095,27,28,1,1,84,28,28,29
708,1.245,82,2,1,random,2,1096,5,6,1,1,12,6,6,9
709,0.312,68,1,1,random,3,1097,0,1,0,1,3,1,1,2
710,7.51,52,1,1,sparse,3,1099,51,52,1,1,156,52,52,53
711,0.723,4,1,1,full,2,1100,3,4,1,1,8,4,4,5
712,0.292,98,1,1,random,3,1105,0,1,0,1,3,1,1,2
713,0.73,85,1,1,random,3,1107,2,3,1,1,9,3,3,4
714,6.29,50,1,1,sparse,1,1109,49,50,1,1,50,50,50,51
715,9.511,62,1,1,full,3,1110,61,62,1,1,186,62,62,63
716,3.309,28,1,1,sparse,1,1111,27,28,1,1,28,28,28,29
717,4.685,37,1,1,sparse,1,1112,36,37,1,1,37,37,37,38
718,0.836,4,1,1,full,3,1113,3,4,1,1,12,4,4,5
719,8.771,59,1,1,sparse,2,1117,58,59,1,1,118,59,59,60
720,4.768,30,1,1,sparse,3,1118,29,30,1,1,90,30,30,31
721,0.975,8,1,1,full,1,1119,7,8,1,1,8,8,8,9
722,9.478,77,1,1,full,1,1120,76,77,1,1,77,77,77,78
723,0.339,79,1,1,random,3,1121,0,1,0,1,3,1,1,2
724,0.319,60,1,1,random,3,1122,0,1,0,1,3,1,1,2
725,8.602,5,2,2,full,3,1124,4,31,2,16,93,31,31,63
726,4.579,35,1,1,full,2,1126,34,35,1,1,70,35,35,36
727,7.743,64,1,1,full,1,1127,63,64,1,1,64,64,64,65
728,1.556,10,1,1,full,3,1128,9,10,1,1,30,10,10,11
729,2.296,70,2,2,random,2,1130,8,12,2,2,24,12,12,17
730,0.309,1,1,1,sparse,2,1131,0,1,0,1,2,1,1,2
731,0.295,70,1,1,random,3,1132,0,1,0,1,3,1,1,2
732,0.816,6,1,1,sparse,1,1134,5,6,1,1,6,6,6,7
733,0.319,5,1,1,random,2,1136,0,1,0,1,2,1,1,2
734,7.082,52,1,1,sparse,2,1137,51,52,1,1,104,52,52,53
735,0.33,47,1,1,random,3,1140,0,1,0,1,3,1,1,2
736,0.225,52,1,1,random,1,1141,0,1,0,1,1,1,1,2
737,0.309,9,1,1,random,2,1142,0,1,0,1,2,1,1,2
738,12.475,86,1,1,sparse,3,1143,85,86,1,1,258,86,86,87
739,0.84,66,2,2,random,1,1144,2,4,2,2,4,4,4,7
740,3.355,57,2,1,random,3,1148,11,14,2,3,42,14,14,22
741,1.045,74,1,1,random,2,1149,6,7,1,1,14,7,7,8
742,0.312,18,1,1,random,3,1151,0,1,0,1,3,1,1,2
743,0.584,73,1,1,random,1,1152,2,3,1,1,3,3,3,4
744,9.377,69,1,1,sparse,2,1154,68,69,1,1,138,69,69,70
745,0.964,78,1,1,random,2,1156,5,6,1,1,12,6,6,7
746,0.411,57,1,1,random,2,1160,0,1,0,1,2,1,1,2
747,0.222,61,1,1,random,1,1162,0,1,0,1,1,1,1,2
748,1.226,8,1,1,sparse,2,1163,7,8,1,1,16,8,8,9
749,3.021,22,1,1,full,2,1164,21,22,1,1,44,22,22,23
750,11.804,84,1,1,full,2,1166,83,84,1,1,168,84,84,85
751,11.364,94,1,1,full,1,1167,93,94,1,1,94,94,94,95
752,11.561,78,1,1,sparse,3,1168,77,78,1,1,234,78,78,79
753,0.515,3,1,1,sparse,1,1169,2,3,1,1,3,3,3,4
754,1.035,6,1,1,full,2,1170,5,6,1,1,12,6,6,7
755,8.224,54,1,1,sparse,3,1173,53,54,1,1,162,54,54,55
756,1.484,56,2,2,random,1,1175,5,7,2,2,7,7,7,11
757,9.584,73,1,1,sparse,1,1176,72,73,1,1,73,73,73,74
758,1.488,77,2,2,random,2,1178,5,8,2,2,16,8,8,11
759,9.809,73,1,1,sparse,3,1179,72,73,1,1,219,73,73,74
760,11.632,50,2,2,random,2,1180,23,53,2,11,106,53,53,85
761,6.446,47,1,1,full,3,1181,46,47,1,1,141,47,47,48
762,11.722,87,1,1,full,2,1182,86,87,1,1,174,87,87,88
763,0.423,48,1,1,random,3,1183,0,1,0,1,3,1,1,2
764,8.353,66,1,1,full,1,1184,65,66,1,1,66,66,66,67
765,0.347,33,1,1,random,3,1185,0,1,0,1,3,1,1,2
766,0.767,75,1,1,random,2,1188,3,4,1,1,8,4,4,5
767,0.317,58,1,1,random,3,1190,0,1,0,1,3,1,1,2
768,0.586,96,2,2,random,1,1192,2,3,1,1,3,3,3,5
769,10.312,85,1,1,full,1,1197,84,85,1,1,85,85,85,86
770,0.227,96,1,1,random,1,1199,0,1,0,1,1,1,1,2
771,3.349,25,1,1,full,2,1201,24,25,1,1,50,25,25,26
772,0.914,43,2,2,random,1,1206,3,5,2,2,5,5,5,8
773,0.323,92,1,1,random,1,1207,0,1,0,1,1,1,1,2
774,0.345,4,1,1,random,2,1208,0,1,0,1,2,1,1,2
775,0.92,70,1,1,random,2,1209,4,5,1,1,10,5,5,6
776,40.645,66,2,1,random,3,1213,53,197,2,44,591,197,197,296
777,0.426,36,1,1,random,3,1214,0,1,0,1,3,1,1,2
778,6.758,57,2,1,random,3,1215,16,33,2,7,99,33,33,49
779,8.753,69,1,1,full,1,1216,68,69,1,1,69,69,69,70
780,0.263,7,1,1,random,3,1217,0,1,0,1,3,1,1,2
781,8.65,70,1,1,sparse,1,1218,69,70,1,1,70,70,70,71
782,0.894,68,2,1,random,3,1219,2,3,1,1,9,3,3,6
783,4.726,35,2,1,random,1,1220,17,26,2,6,26,26,26,37
784,2.105,14,1,1,full,2,1224,13,14,1,1,28,14,14,15
785,36.021,49,2,2,random,1,1225,34,203,2,47,203,203,203,300
786,0.297,59,1,1,random,2,1226,0,1,0,1,2,1,1,2
787,10.097,79,1,1,sparse,1,1227,78,79,1,1,79,79,79,80
788,0.463,16,2,1,random,2,1228,1,2,1,1,4,2,2,3
789,1.307,17,2,1,random,2,1229,5,6,1,1,12,6,6,9
790,7.806,49,2,1,random,3,1231,15,34,2,7,102,34,34,52
791,0.561,74,1,1,random,1,1232,2,3,1,1,3,3,3,4
792,31.764,89,2,2,random,1,1235,38,171,2,39,171,171,171,253
793,27.652,69,2,2,random,3,1236,38,122,2,27,366,122,122,188
794,0.499,4,2,1,random,3,1238,1,2,1,1,6,2,2,3
795,0.607,78,2,1,random,2,1241,2,3,1,1,6,3,3,5
796,5.228,94,2,1,random,3,1243,9,23,2,6,69,23,23,34
797,5.382,36,1,1,sparse,2,1244,35,36,1,1,72,36,36,37
798,8.655,69,1,1,sparse,1,1245,68,69,1,1,69,69,69,70
799,2.988,22,1,1,sparse,3,1246,21,22,1,1,66,22,22,23
800,0.367,100,1,1,random,3,1247,0,1,0,1,3,1,1,2
801,9.886,73,1,1,sparse,2,1248,72,73,1,1,146,73,73,74
802,8.908,65,1,1,full,2,1249,64,65,1,1,130,65,65,66
803,2.085,19,2,1,random,2,1250,8,10,2,2,20,10,10,14
804,0.488,90,1,1,random,1,1251,2,3,1,1,3,3,3,4
805,0.251,94,1,1,random,1,1253,0,1,0,1,1,1,1,2
806,8.484,56,1,1,sparse,3,1254,55,56,1,1,168,56,56,57
807,0.55,50,2,1,random,1,1255,1,3,2,2,3,3,3,5
808,9.489,71,1,1,sparse,2,1256,70,71,1,1,142,71,71,72
809,0.597,66,2,1,random,1,1257,1,2,1,1,2,2,2,4
810,9.549,18,2,2,random,3,1258,17,44,2,9,132,44,44,68
811,7.463,50,1,1,full,3,1259,49,50,1,1,150,50,50,51
812,0.457,12,1,1,random,2,1260,0,1,0,1,2,1,1,2
813,0.475,25,2,1,random,1,1262,1,2,1,1,2,2,2,3
814,3.448,22,1,1,full,3,1263,21,22,1,1,66,22,22,23
815,1.374,16,2,2,random,2,1264,8,9,1,1,18,9,9,12
816,0.265,1,1,1,random,2,1265,0,1,0,1,2,1,1,2
817,10.875,90,1,1,full,1,1266,89,90,1,1,90,90,90,91
818,6.829,9,2,1,random,3,1267,8,25,2,9,75,25,25,44
819,1.627,11,1,1,sparse,3,1268,10,11,1,1,33,11,11,12
820,9.814,73,1,1,full,2,1270,72,73,1,1,146,73,73,74
821,5.387,45,1,1,sparse,1,1271,44,45,1,1,45,45,45,46
822,4.206,29,1,1,sparse,2,1272,28,29,1,1,58,29,29,30
823,12.194,85,1,1,sparse,3,1273,84,85,1,1,255,85,85,86
824,4.129,32,1,1,sparse,1,1276,31,32,1,1,32,32,32,33
825,1.195,8,1,1,sparse,2,1278,7,8,1,1,16,8,8,9
826,6.787,94,2,2,random,2,1279,19,33,2,7,66,33,33,49
827,1.813,95,2,2,random,1,1280,7,10,2,2,10,10,10,13
828,3.642,29,1,1,full,1,1281,28,29,1,1,29,29,29,30
829,0.995,7,1,1,full,2,1282,6,7,1,1,14,7,7,8
830,4.913,42,1,1,sparse,1,1283,41,42,1,1,42,42,42,43
831,5.425,43,1,1,sparse,1,1286,42,43,1,1,43,43,43,44
832,7.216,58,1,1,full,1,1287,57,58,1,1,58,58,58,59
833,1.246,87,1,1,random,2,1288,8,9,1,1,18,9,9,10
834,1.045,74,2,1,random,2,1289,3,4,1,1,8,4,4,7
835,2.496,74,2,1,random,1,1291,7,13,2,4,13,13,13,20
836,8.127,53,1,1,sparse,3,1292,52,53,1,1,159,53,53,54
837,0.259,39,1,1,random,2,1293,0,1,0,1,2,1,1,2
838,6.945,47,1,1,sparse,3,1294,46,47,1,1,141,47,47,48
839,0.418,13,2,1,random,1,1295,1,2,1,1,2,2,2,3
840,0.377,62,1,1,random,3,1302,0,1,0,1,3,1,1,2
841,7.499,51,2,1,random,3,1304,20,36,2,8,108,36,36,52
842,1.578,22,2,2,random,2,1305,8,9,1,1,18,9,9,11
843,0.336,62,1,1,random,2,1306,0,1,0,1,2,1,1,2
844,1.066,74,1,1,random,2,1307,5,6,1,1,12,6,6,7
845,9.08,64,1,1,sparse,3,1308,63,64,1,1,192,64,64,65
846,8.151,51,1,1,sparse,3,1314,50,51,1,1,153,51,51,52
847,3.632,27,1,1,full,1,1316,26,27,1,1,27,27,27,28
848,2.697,19,1,1,sparse,3,1320,18,19,1,1,57,19,19,20
849,1.694,61,2,2,random,3,1324,6,8,2,2,24,8,8,12
850,13.305,97,1,1,full,2,1325,96,97,1,1,194,97,97,98
851,7.671,63,1,1,sparse,1,1326,62,63,1,1,63,63,63,64
852,25.12,19,2,2,random,3,1328,18,118,2,28,354,118,118,179
853,6.262,45,1,1,full,2,1330,44,45,1,1,90,45,45,46
854,0.452,7,2,1,random,1,1332,1,2,1,1,2,2,2,3
855,0.362,95,1,1,random,3,1335,0,1,0,1,3,1,1,2
856,9.115,66,1,1,full,3,1336,65,66,1,1,198,66,66,67
857,10.657,81,1,1,full,1,1339,80,81,1,1,81,81,81,82
858,5.772,46,1,1,full,1,1340,45,46,1,1,46,46,46,47
859,1.646,58,2,2,random,1,1341,4,7,2,2,7,7,7,11
860,5.502,39,1,1,full,2,1346,38,39,1,1,78,39,39,40
861,0.413,63,1,1,random,1,1347,0,1,0,1,1,1,1,2
862,0.305,50,1,1,random,1,1348,0,1,0,1,1,1,1,2
863,0.335,1,2,2,random,2,1349,0,1,0,1,2,1,1,2
864,7.796,63,1,1,sparse,1,1350,62,63,1,1,63,63,63,64
865,3.374,21,1,1,sparse,3,1351,20,21,1,1,63,21,21,22
866,6.872,27,2,1,random,2,1353,16,34,2,9,68,34,34,51
867,8.788,69,1,1,full,1,1354,68,69,1,1,69,69,69,70
868,4.59,32,1,1,sparse,3,1356,31,32,1,1,96,32,32,33
869,0.436,2,1,1,sparse,1,1358,1,2,1,1,2,2,2,3
870,8.309,61,1,1,full,3,1359,60,61,1,1,183,61,61,62
871,10.463,82,1,1,sparse,1,1360,81,82,1,1,82,82,82,83
872,4.788,15,2,2,random,2,1361,14,25,2,7,50,25,25,35
873,0.39,7,1,1,random,3,1362,0,1,0,1,3,1,1,2
874,0.256,26,1,1,random,1,1363,0,1,0,1,1,1,1,2
875,0.372,97,1,1,random,3,1364,0,1,0,1,3,1,1,2
876,1.741,64,2,2,random,3,1365,6,9,2,3,27,9,9,14
877,8.396,67,1,1,sparse,2,1366,66,67,1,1,134,67,67,68
878,0.227,53,1,1,random,2,1367,0,1,0,1,2,1,1,2
879,4.2,28,1,1,full,3,1368,27,28,1,1,84,28,28,29
880,5.324,83,2,1,random,3,1370,16,26,2,5,78,26,26,39
881,13.314,91,1,1,sparse,3,1372,90,91,1,1,273,91,91,92
882,0.238,6,1,1,random,1,1373,0,1,0,1,1,1,1,2
883,0.539,2,2,1,random,3,1374,1,2,1,1,6,2,2,4
884,6.079,8,2,1,sparse,2,1375,7,32,2,11,64,32,32,48
885,1.573,60,2,2,random,3,1376,7,8,1,1,24,8,8,11
886,2.799,19,1,1,full,3,1377,18,19,1,1,57,19,19,20
887,0.285,2,1,1,random,1,1378,0,1,0,1,1,1,1,2
888,9.676,74,1,1,full,2,1381,73,74,1,1,148,74,74,75
889,1.955,86,2,1,random,3,1382,5,7,2,2,21,7,7,12
890,5.519,40,1,1,full,1,1384,39,40,1,1,40,40,40,41
891,3.321,20,1,1,full,3,1385,19,20,1,1,60,20,20,21
892,9.655,75,1,1,sparse,1,1386,74,75,1,1,75,75,75,76
893,6.514,10,2,1,random,3,1387,9,29,2,9,87,29,29,44
894,0.336,76,1,1,random,3,1388,0,1,0,1,3,1,1,2
895,1.228,7,1,1,full,1,1389,6,7,1,1,7,7,7,8
896,1.715,12,1,1,sparse,3,1390,11,12,1,1,36,12,12,13
897,0.784,34,2,1,random,1,1392,1,3,2,2,3,3,3,5
898,0.338,51,1,1,random,2,1394,0,1,0,1,2,1,1,2
899,12.289,85,1,1,sparse,3,1395,84,85,1,1,255,85,85,86
900,0.554,10,2,1,random,3,1397,1,2,1,1,6,2,2,3
901,8.656,67,1,1,sparse,1,1399,66,67,1,1,67,67,67,68
902,0.282,80,1,1,random,3,1402,0,1,0,1,3,1,1,2
903,13.64,100,1,1,full,2,1404,99,100,1,1,200,100,100,101
904,8.068,55,1,1,full,3,1405,54,55,1,1,165,55,55,56
905,8.146,24,2,2,random,1,1406,23,45,2,11,45,45,45,65
906,33.899,12,2,1,sparse,3,1407,11,156,2,55,468,156,156,235
907,0.445,5,1,1,random,3,1409,0,1,0,1,3,1,1,2
908,0.266,98,1,1,random,1,1411,0,1,0,1,1,1,1,2
909,8.407,61,1,1,full,2,1412,60,61,1,1,122,61,61,62
910,0.342,18,1,1,random,1,1414,0,1,0,1,1,1,1,2
911,6.032,41,1,1,sparse,3,1417,40,41,1,1,123,41,41,42
912,14.565,100,1,1,sparse,3,1418,99,100,1,1,300,100,100,101
913,9.628,74,1,1,full,1,1419,73,74,1,1,74,74,74,75
914,0.251,8,1,1,random,1,1421,0,1,0,1,1,1,1,2
915,0.643,28,2,2,random,1,1422,3,4,1,1,4,4,4,5
916,31.957,7,2,2,sparse,1,1424,6,127,2,64,127,127,127,255
917,5.882,42,1,1,full,2,1425,41,42,1,1,84,42,42,43
918,1.837,11,1,1,full,3,1426,10,11,1,1,33,11,11,12
919,0.27,98,1,1,random,3,1427,0,1,0,1,3,1,1,2
920,0.37,67,1,1,random,3,1428,0,1,0,1,3,1,1,2
921,2.527,15,1,1,full,2,1429,14,15,1,1,30,15,15,16
922,23.425,37,2,1,random,3,1430,36,107,2,20,321,107,107,158
923,0.545,68,1,1,random,3,1431,2,3,1,1,9,3,3,4
924,8.873,62,1,1,full,2,1432,61,62,1,1,124,62,62,63
925,11.881,94,1,1,full,1,1433,93,94,1,1,94,94,94,95
926,0.23,1,2,1,sparse,2,1434,0,1,0,1,2,1,1,2
927,3.042,38,2,1,random,3,1435,6,13,2,4,39,13,13,21
928,5.7,41,1,1,sparse,3,1436,40,41,1,1,123,41,41,42
929,0.324,28,1,1,random,3,1437,0,1,0,1,3,1,1,2
930,9.091,65,1,1,sparse,3,1439,64,65,1,1,195,65,65,66
931,3.791,31,1,1,sparse,1,1440,30,31,1,1,31,31,31,32
932,11.565,93,1,1,full,1,1442,92,93,1,1,93,93,93,94
933,4.903,32,1,1,sparse,3,1443,31,32,1,1,96,32,32,33
934,12.083,88,1,1,sparse,2,1444,87,88,1,1,176,88,88,89
935,4.484,32,1,1,sparse,2,1445,31,32,1,1,64,32,32,33
936,6.129,44,1,1,full,3,1446,43,44,1,1,132,44,44,45
937,7.179,56,1,1,sparse,2,1448,55,56,1,1,112,56,56,57
938,1.745,13,1,1,sparse,1,1449,12,13,1,1,13,13,13,14
939,0.757,46,2,1,random,1,1451,1,3,2,2,3,3,3,5
940,0.396,35,1,1,random,3,1452,0,1,0,1,3,1,1,2
941,0.254,70,1,1,random,3,1455,0,1,0,1,3,1,1,2
942,0.313,60,1,1,random,1,1456,0,1,0,1,1,1,1,2
943,6.501,44,1,1,full,3,1457,43,44,1,1,132,44,44,45
944,0.359,17,1,1,random,2,1458,0,1,0,1,2,1,1,2
945,0.27,53,1,1,random,1,1459,0,1,0,1,1,1,1,2
946,1.451,87,2,2,random,2,1460,5,8,2,2,16,8,8,11
947,1.095,6,1,1,sparse,2,1461,5,6,1,1,12,6,6,7
948,0.323,34,1,1,random,3,1462,0,1,0,1,3,1,1,2
949,0.289,31,1,1,random,3,1465,0,1,0,1,3,1,1,2
950,13.432,88,1,1,sparse,3,1468,87,88,1,1,264,88,88,89
951,0.345,7,1,1,random,2,1469,0,1,0,1,2,1,1,2
952,2.832,19,1,1,full,2,1471,18,19,1,1,38,19,19,20
953,3.959,29,1,1,sparse,2,1472,28,29,1,1,58,29,29,30
954,1.972,13,1,1,full,2,1473,12,13,1,1,26,13,13,14
955,5.394,8,2,2,random,3,1474,7,22,2,6,66,22,22,37
956,0.347,15,1,1,random,3,1475,0,1,0,1,3,1,1,2
957,0.248,71,1,1,random,1,1476,0,1,0,1,1,1,1,2
958,10.948,75,1,1,sparse,3,1478,74,75,1,1,225,75,75,76
959,36.24,7,2,2,full,3,1479,6,127,2,64,381,127,127,255
960,11.919,91,1,1,sparse,2,1480,90,91,1,1,182,91,91,92
961,0.583,3,2,1,random,1,1481,1,2,1,1,2,2,2,3
962,11.118,80,1,1,full,2,1483,79,80,1,1,160,80,80,81
963,6.151,46,1,1,full,1,1485,45,46,1,1,46,46,46,47
964,5.359,36,1,1,full,3,1488,35,36,1,1,108,36,36,37
965,1.063,55,2,1,random,3,1489,2,4,2,2,12,4,4,7
966,0.244,29,1,1,random,1,1491,0,1,0,1,1,1,1,2
967,10.616,79,1,1,sparse,2,1492,78,79,1,1,158,79,79,80
968,3.603,27,1,1,full,1,1493,26,27,1,1,27,27,27,28
969,3.556,23,1,1,full,3,1494,22,23,1,1,69,23,23,24
970,7.382,55,1,1,full,1,1495,54,55,1,1,55,55,55,56
971,1.467,10,1,1,sparse,2,1496,9,10,1,1,20,10,10,11
972,1.57,11,1,1,full,1,1497,10,11,1,1,11,11,11,12
973,0.376,40,1,1,random,1,1500,0,1,0,1,1,1,1,2
974,9.879,82,1,1,full,1,1501,81,82,1,1,82,82,82,83
975,4.834,22,2,2,random,3,1502,12,24,2,7,72,24,24,33
976,7.521,60,1,1,sparse,1,1503,59,60,1,1,60,60,60,61
977,8.173,54,1,1,sparse,3,1504,53,54,1,1,162,54,54,55
978,2.168,16,1,1,full,2,1505,15,16,1,1,32,16,16,17
979,1.223,6,2,1,random,1,1507,5,7,2,2,7,7,7,11
980,5.761,40,1,1,sparse,2,1508,39,40,1,1,80,40,40,41
981,4.667,36,1,1,full,1,1509,35,36,1,1,36,36,36,37
982,1.749,24,2,1,random,1,1511,5,9,2,2,9,9,9,13
983,8.422,61,1,1,sparse,2,1512,60,61,1,1,122,61,61,62
984,0.472,1,1,1,random,2,1514,0,1,0,1,2,1,1,2
985,0.274,30,1,1,random,2,1516,0,1,0,1,2,1,1,2
986,0.649,51,2,1,random,1,1517,1,3,2,2,3,3,3,5
987,2.364,32,2,2,random,1,1519,6,12,2,3,12,12,12,17
988,7.39,53,1,1,full,3,1520,52,53,1,1,159,53,53,54
989,0.354,1,2,2,sparse,1,1521,0,1,0,1,1,1,1,3
990,0.302,77,1,1,random,2,1522,0,1,0,1,2,1,1,2
991,3.091,7,2,1,sparse,1,1524,6,17,2,4,17,17,17,24
992,10.685,80,1,1,full,2,1526,79,80,1,1,160,80,80,81
993,44.0,46,2,1,random,3,1528,45,195,2,49,585,195,195,303
994,0.209,43,1,1,random,2,1529,0,1,0,1,2,1,1,2
995,0.636,5,2,2,random,1,1530,3,4,1,1,4,4,4,5
996,0.284,92,1,1,random,3,1531,0,1,0,1,3,1,1,2
997,11.088,78,1,1,full,3,1533,77,78,1,1,234,78,78,79
998,0.28,45,1,1,random,3,1534,0,1,0,1,3,1,1,2
999,5.717,40,1,1,full,2,1535,39,40,1,1,80,40,40,41
